F7 Value,T7 Value,P7 Value,O1 Value,O2 Value,P8 Value,T8 Value,F8 Value,class
3917.212121,3911.030303,4338.090909,4509.121212,4238.151515,4381.363636,5042.30303,4188.181818,-1
3918.242424,3914.121212,4344.272727,4510.151515,4241.242424,4383.939394,5040.242424,4192.818181,-1
3918.757575,3915.151515,4344.787878,4512.212121,4229.393939,4379.30303,5043.333333,4185.090909,-1
3917.212121,3913.60606,4341.181818,4510.666666,4219.60606,4375.181818,5039.727272,4178.90909,-1
3916.181818,3910.515151,4337.575757,4510.151515,4219.090909,4377.242424,5034.575757,4184.060606,-1
3916.181818,3908.969697,4335.515151,4510.151515,4219.090909,4378.787878,5034.575757,4189.212121,-1
3917.727272,3914.636363,4331.90909,4508.090909,4223.727272,4379.818181,5042.30303,4190.757575,-1
3918.242424,3911.545454,4328.30303,4510.151515,4230.939394,4384.454545,5051.060606,4196.939394,-1
3915.666666,3900.727272,4331.90909,4511.181818,4228.878787,4384.969697,5043.848484,4201.060606,-1
3916.181818,3900.727272,4338.090909,4512.212121,4226.30303,4375.696969,5025.30303,4188.696969,-1
3917.727272,3904.333333,4341.181818,4518.393939,4237.121212,4374.666666,5025.30303,4173.757575,-1
3916.696969,3899.696969,4343.242424,4520.969697,4248.454545,4384.969697,5039.212121,4173.757575,-1
3917.212121,3896.60606,4338.60606,4512.727272,4236.090909,4376.727272,5032.515151,4175.30303,-1
3919.272727,3897.636363,4327.787878,4508.090909,4212.393939,4356.121212,5008.818181,4167.575757,-1
3920.30303,3895.575757,4323.151515,4510.666666,4200.030303,4351.484848,4995.424242,4164.484848,-1
3919.272727,3894.545454,4324.181818,4509.636363,4192.30303,4355.090909,5003.666666,4161.393939,-1
3919.787878,3897.121212,4323.666666,4508.090909,4190.757575,4356.636363,5021.696969,4159.848484,-1
3918.242424,3895.575757,4321.60606,4510.666666,4203.636363,4360.757575,5022.727272,4166.545454,-1
3914.636363,3896.090909,4319.545454,4511.181818,4212.90909,4360.242424,5006.757575,4172.212121,-1
3915.666666,3897.636363,4321.090909,4511.181818,4210.848484,4357.151515,5002.121212,4171.181818,-1
3918.757575,3897.636363,4328.818181,4511.696969,4213.939394,4362.30303,5016.545454,4165,-1
3919.787878,3897.121212,4331.393939,4514.272727,4219.090909,4365.393939,5024.272727,4165,-1
3917.212121,3896.60606,4324.696969,4514.272727,4216.515151,4358.696969,5012.424242,4170.666666,-1
3914.636363,3896.090909,4323.666666,4510.151515,4215.484848,4359.212121,5003.666666,4175.818181,-1
3918.242424,3896.60606,4326.757575,4510.151515,4220.636363,4369,5013.969696,4178.90909,-1
3918.242424,3896.60606,4324.696969,4512.727272,4230.424242,4373.121212,5025.30303,4179.939394,-1
3915.151515,3895.060606,4321.60606,4511.696969,4239.696969,4370.545454,5021.696969,4179.424242,-1
3917.212121,3893,4320.060606,4511.696969,4233.515151,4364.878787,5013.454545,4175.818181,-1
3918.242424,3893,4318,4513.757575,4221.151515,4361.787878,5011.393939,4176.848484,-1
3916.181818,3894.030303,4319.030303,4513.242424,4224.242424,4363.848484,5012.424242,4178.393939,-1
3916.181818,3896.60606,4323.666666,4513.757575,4235.060606,4366.939394,5015,4170.151515,-1
3917.727272,3897.636363,4326.242424,4512.727272,4240.212121,4371.060606,5017.060606,4164.484848,-1
3918.242424,3894.545454,4327.272727,4513.242424,4241.757575,4371.060606,5019.636363,4172.212121,-1
3918.242424,3896.090909,4330.878787,4517.363636,4243.818181,4371.060606,5020.666666,4180.454545,-1
3917.727272,3898.151515,4329.333333,4516.333333,4240.727272,4374.151515,5017.575757,4179.939394,-1
3917.727272,3887.333333,4322.121212,4511.181818,4233.515151,4372.090909,5016.030303,4178.393939,-1
3919.272727,3880.121212,4320.060606,4512.212121,4237.121212,4366.424242,5013.454545,4178.90909,-1
3917.727272,3886.818181,4319.030303,4513.757575,4238.666666,4365.393939,5006.757575,4173.242424,-1
3915.666666,3888.878787,4315.424242,4509.636363,4225.787878,4364.878787,5005.212121,4168.60606,-1
3917.212121,3882.696969,4316.454545,4508.090909,4217.030303,4364.878787,5004.181818,4169.121212,-1
3918.242424,3883.212121,4320.575757,4511.181818,4223.727272,4364.878787,4995.939393,4165,-1
3915.666666,3883.212121,4317.484848,4512.212121,4231.969697,4364.878787,4999.545454,4162.424242,-1
3918.242424,3878.060606,4312.333333,4510.666666,4234.545454,4365.90909,5011.393939,4164.484848,-1
3920.818181,3879.090909,4312.848484,4510.151515,4229.393939,4365.90909,5002.636363,4164.484848,-1
3918.242424,3880.636363,4313.878787,4511.181818,4223.212121,4363.848484,4989.757575,4163.969697,-1
3915.151515,3879.090909,4313.878787,4512.727272,4224.242424,4359.212121,4993.363636,4162.939394,-1
3914.121212,3878.575757,4313.878787,4510.666666,4224.242424,4355.60606,4995.939393,4160.363636,-1
3914.121212,3878.060606,4313.363636,4510.151515,4223.727272,4357.151515,4994.393939,4162.424242,-1
3912.575757,3879.60606,4313.363636,4512.727272,4229.90909,4360.242424,5000.575757,4169.121212,-1
3913.60606,3880.121212,4314.393939,4510.666666,4235.575757,4361.272727,5005.727272,4168.60606,-1
3919.787878,3878.060606,4314.90909,4508.090909,4233,4363.848484,4998,4165,-1
3921.333333,3877.545454,4314.90909,4508.60606,4225.787878,4365.393939,4991.818181,4170.666666,-1
3917.727272,3880.636363,4315.424242,4511.696969,4218.060606,4360.242424,4999.545454,4174.272727,-1
3917.727272,3876.515151,4312.333333,4511.696969,4217.030303,4358.181818,5007.272727,4169.636363,-1
3918.757575,3873.424242,4308.727272,4505.515151,4221.666666,4362.818181,4998.515151,4168.090909,-1
3918.757575,3876.515151,4311.818181,4503.969697,4222.696969,4365.393939,4993.878787,4170.151515,-1
3917.727272,3870.848484,4309.242424,4508.090909,4216.515151,4363.333333,5002.121212,4172.727272,-1
3918.757575,3868.272727,4305.121212,4509.121212,4213.424242,4361.787878,5003.666666,4179.939394,-1
3917.212121,3876,4309.242424,4507.575757,4216,4358.696969,4997.484848,4178.393939,-1
3914.636363,3874.454545,4308.727272,4509.121212,4211.878787,4352.515151,4994.90909,4167.575757,-1
3917.727272,3863.636363,4301,4508.090909,4200.545454,4347.878787,4991.30303,4167.060606,-1
3917.727272,3864.666666,4300.484848,4505,4199,4350.454545,4989.757575,4172.212121,-1
3916.696969,3869.818181,4303.060606,4509.636363,4207.757575,4355.60606,4998.515151,4172.727272,-1
3917.727272,3863.121212,4298.939394,4511.181818,4209.818181,4354.060606,4997.484848,4166.545454,-1
3917.212121,3863.121212,4298.424242,4505.515151,4205.181818,4352,4987.696969,4164.484848,-1
3916.181818,3869.30303,4301.515151,4506.545454,4209.30303,4356.636363,4988.212121,4172.212121,-1
3916.181818,3868.272727,4302.545454,4510.666666,4214.454545,4358.181818,4994.90909,4179.424242,-1
3918.242424,3869.818181,4301,4507.060606,4211.878787,4352,4994.90909,4175.818181,-1
3916.696969,3874.969697,4299.454545,4506.030303,4205.181818,4347.878787,4990.787878,4167.575757,-1
3916.181818,3871.878787,4302.030303,4509.121212,4206.212121,4350.454545,4987.696969,4170.666666,-1
3915.151515,3865.181818,4301,4509.121212,4209.30303,4347.878787,4983.060606,4173.757575,-1
3911.545454,3867.242424,4297.90909,4508.60606,4208.272727,4343.242424,4981,4170.151515,-1
3912.575757,3869.30303,4298.424242,4507.060606,4207.242424,4346.848484,4983.060606,4165,-1
3917.212121,3865.696969,4299.969697,4505,4204.666666,4350.454545,4988.212121,4166.030303,-1
3916.181818,3865.696969,4298.939394,4507.060606,4204.666666,4350.454545,4994.393939,4175.30303,-1
3914.121212,3866.212121,4298.424242,4509.121212,4208.787878,4350.969697,4992.333333,4180.969697,-1
3915.151515,3866.212121,4298.424242,4509.121212,4205.181818,4352,4987.696969,4178.90909,-1
3917.212121,3866.212121,4295.333333,4505,4196.424242,4347.878787,4989.242424,4176.848484,-1
3919.272727,3865.696969,4294.30303,4500.878787,4195.90909,4342.212121,4983.060606,4174.787878,-1
3917.212121,3865.696969,4296.878787,4504.484848,4202.60606,4344.272727,4977.90909,4177.363636,-1
3915.151515,3867.242424,4297.90909,4513.242424,4210.848484,4355.60606,4992.848484,4187.666666,-1
3915.666666,3869.30303,4299.969697,4513.757575,4219.090909,4359.212121,5003.151515,4186.121212,-1
3915.151515,3868.272727,4302.030303,4510.151515,4213.424242,4350.454545,4990.787878,4178.393939,-1
3916.696969,3866.212121,4298.939394,4511.181818,4200.030303,4345.30303,4980.484848,4179.939394,-1
3918.242424,3866.727272,4292.757575,4508.60606,4200.030303,4347.363636,4984.60606,4180.454545,-1
3916.696969,3867.242424,4293.272727,4507.060606,4204.151515,4349.424242,4988.727272,4177.878787,-1
3916.696969,3864.666666,4295.333333,4510.151515,4201.060606,4350.454545,4992.333333,4180.454545,-1
3917.727272,3865.181818,4295.333333,4510.151515,4205.181818,4349.424242,4993.878787,4190.242424,-1
3916.696969,3867.242424,4294.818181,4508.60606,4209.30303,4349.424242,4990.787878,4188.181818,-1
3916.696969,3866.212121,4294.30303,4509.636363,4206.212121,4351.484848,4989.757575,4174.272727,-1
3918.242424,3864.151515,4295.333333,4506.545454,4206.727272,4350.969697,4991.30303,4173.242424,-1
3915.151515,3864.666666,4296.363636,4504.484848,4203.121212,4348.393939,4993.878787,4183.545454,-1
3912.575757,3865.696969,4296.363636,4505,4192.30303,4345.30303,4987.696969,4177.878787,-1
3916.696969,3864.151515,4296.878787,4504.484848,4192.30303,4341.696969,4975.848484,4166.030303,-1
3918.242424,3863.636363,4297.393939,4505.515151,4196.424242,4341.696969,4976.363636,4173.242424,-1
3917.212121,3862.60606,4293.787878,4506.545454,4191.787878,4343.757575,4981.515151,4176.848484,-1
3918.242424,3860.545454,4293.272727,4506.030303,4190.242424,4341.696969,4983.060606,4171.181818,-1
3917.212121,3861.575757,4298.939394,4508.60606,4201.060606,4344.787878,4990.787878,4177.363636,-1
3915.666666,3865.696969,4299.969697,4511.696969,4209.30303,4352,4998.515151,4184.575757,-1
3915.151515,3866.212121,4297.393939,4510.151515,4206.727272,4352.515151,4994.90909,4187.151515,-1
3915.666666,3864.151515,4298.939394,4509.121212,4204.666666,4349.939394,4992.333333,4190.242424,-1
3916.181818,3864.151515,4300.484848,4511.181818,4204.151515,4346.333333,4992.333333,4186.636363,-1
3915.666666,3864.666666,4299.454545,4509.121212,4203.121212,4347.363636,4993.363636,4186.636363,-1
3916.696969,3864.151515,4299.454545,4508.60606,4204.151515,4352.515151,4995.424242,4191.272727,-1
3918.242424,3863.121212,4295.848484,4509.636363,4205.181818,4350.454545,4988.727272,4187.666666,-1
3918.757575,3864.151515,4295.848484,4508.60606,4205.696969,4345.818181,4980.484848,4183.545454,-1
3917.727272,3862.60606,4296.878787,4507.575757,4202.60606,4348.393939,4986.666666,4186.636363,-1
3917.212121,3857.969697,4292.757575,4508.60606,4200.030303,4347.363636,4992.848484,4185.60606,-1
3919.787878,3855.909091,4293.272727,4510.151515,4206.212121,4342.212121,4981.515151,4180.454545,-1
3918.242424,3851.787878,4299.969697,4511.181818,4213.424242,4346.848484,4970.181818,4179.424242,-1
3914.636363,3852.818181,4302.030303,4512.727272,4208.272727,4351.484848,4976.878787,4180.454545,-1
3915.151515,3860.545454,4298.939394,4510.666666,4201.060606,4345.818181,4983.060606,4183.545454,-1
3917.212121,3862.090909,4297.90909,4508.60606,4205.181818,4344.272727,4981.515151,4188.181818,-1
3919.787878,3856.424242,4295.333333,4510.151515,4207.757575,4349.939394,4987.696969,4193.333333,-1
3918.242424,3850.757575,4288.121212,4509.636363,4199.515151,4344.272727,4983.060606,4184.575757,-1
3914.636363,3850.242424,4284.515151,4506.030303,4194.363636,4331.393939,4961.939393,4168.60606,-1
3916.696969,3854.363636,4289.666666,4508.60606,4196.939394,4335,4956.272727,4171.696969,-1
3920.30303,3854.878787,4299.454545,4512.727272,4202.090909,4344.787878,4970.696969,4183.545454,-1
3917.212121,3855.909091,4299.454545,4510.151515,4209.818181,4345.818181,4983.060606,4183.030303,-1
3914.636363,3859.515151,4296.363636,4509.121212,4209.818181,4344.787878,4986.151515,4179.939394,-1
3916.181818,3859,4299.969697,4512.212121,4206.727272,4347.363636,4987.181818,4188.696969,-1
3918.242424,3854.363636,4299.969697,4510.151515,4212.393939,4346.848484,4988.727272,4189.212121,-1
3917.212121,3852.30303,4291.212121,4509.121212,4213.939394,4341.696969,4979.969696,4171.181818,-1
3917.727272,3849.727272,4285.545454,4508.60606,4206.727272,4337.060606,4962.969696,4160.878787,-1
3916.696969,3845.60606,4285.030303,4508.090909,4199.515151,4332.939394,4958.333333,4170.151515,-1
3913.60606,3847.666666,4284.515151,4508.60606,4193.333333,4333.454545,4968.636363,4178.90909,-1
3915.151515,3848.696969,4288.636363,4510.666666,4192.30303,4337.575757,4979.969696,4178.393939,-1
3919.272727,3849.727272,4291.212121,4511.696969,4197.969697,4340.151515,4983.575757,4174.787878,-1
3918.242424,3852.30303,4290.181818,4507.060606,4194.363636,4338.60606,4981.515151,4171.181818,-1
3914.636363,3852.818181,4286.575757,4503.969697,4184.060606,4336.030303,4980.484848,4165.515151,-1
3915.666666,3851.272727,4286.575757,4507.060606,4187.151515,4337.060606,4982.030303,4161.90909,-1
3919.272727,3854.363636,4292.242424,4508.60606,4192.30303,4336.545454,4974.818181,4162.424242,-1
3917.212121,3860.545454,4295.333333,4506.545454,4188.696969,4335,4975.848484,4163.454545,-1
3915.151515,3862.60606,4293.272727,4505,4185.60606,4338.090909,4992.333333,4169.636363,-1
3917.212121,3859.515151,4289.151515,4505.515151,4187.666666,4338.60606,4992.333333,4173.757575,-1
3917.727272,3855.909091,4288.121212,4506.030303,4187.151515,4333.969697,4977.393939,4171.181818,-1
3918.242424,3857.969697,4288.636363,4506.030303,4182,4332.939394,4978.424242,4171.696969,-1
3918.757575,3859.515151,4289.151515,4505,4179.939394,4335.515151,4990.272727,4169.636363,-1
3918.242424,3859.515151,4291.727272,4508.090909,4188.696969,4337.060606,4989.242424,4165.515151,-1
3916.181818,3860.030303,4293.787878,4512.727272,4196.939394,4338.60606,4983.575757,4164.484848,-1
3915.151515,3862.60606,4291.727272,4510.151515,4191.787878,4339.121212,4983.575757,4161.90909,-1
3914.636363,3862.090909,4285.030303,4506.545454,4188.181818,4335,4980.484848,4158.30303,-1
3914.636363,3857.969697,4283.484848,4508.090909,4193.848484,4332.939394,4977.393939,4160.878787,-1
3916.181818,3858.484848,4286.575757,4505.515151,4197.454545,4339.121212,4987.696969,4170.666666,-1
3916.696969,3859.515151,4284.515151,4503.454545,4193.333333,4344.272727,5002.636363,4170.666666,-1
3916.696969,3855.909091,4283.484848,4507.575757,4183.030303,4337.575757,4999.030303,4163.969697,-1
3917.212121,3849.212121,4284,4509.121212,4179.939394,4331.393939,4983.060606,4159.333333,-1
3914.121212,3846.121212,4283.484848,4503.969697,4180.969697,4331.393939,4972.242424,4155.727272,-1
3911.030303,3850.242424,4281.939394,4504.484848,4179.424242,4330.363636,4968.121212,4153.151515,-1
3915.151515,3854.878787,4282.454545,4510.666666,4180.969697,4329.848484,4969.666666,4158.30303,-1
3919.272727,3854.363636,4286.060606,4510.151515,4189.727272,4335,4976.363636,4164.484848,-1
3918.242424,3857.454545,4284,4509.121212,4192.30303,4334.484848,4978.939393,4166.030303,-1
3917.212121,3860.030303,4280.90909,4509.121212,4186.636363,4327.787878,4974.818181,4162.424242,-1
3916.696969,3854.878787,4284.515151,4508.090909,4190.242424,4330.363636,4976.363636,4156.757575,-1
3916.696969,3852.30303,4285.545454,4509.121212,4196.424242,4337.060606,4976.878787,4160.878787,-1
3917.212121,3855.393939,4282.969697,4508.60606,4194.878787,4333.454545,4966.060606,4169.121212,-1
3915.151515,3853.333333,4284,4509.121212,4195.90909,4330.878787,4960.90909,4168.090909,-1
3914.121212,3848.181818,4283.484848,4508.090909,4200.030303,4332.424242,4966.575757,4161.393939,-1
3914.636363,3849.212121,4279.878787,4506.030303,4199.515151,4332.939394,4972.757575,4159.333333,-1
3918.242424,3854.363636,4280.90909,4508.090909,4200.030303,4336.545454,4975.848484,4165,-1
3920.30303,3860.545454,4285.030303,4511.696969,4202.60606,4339.636363,4974.818181,4169.636363,-1
3917.727272,3858.484848,4286.060606,4509.121212,4201.060606,4335.515151,4970.181818,4167.060606,-1
3917.727272,3849.727272,4284.515151,4506.030303,4196.939394,4330.363636,4966.060606,4155.212121,-1
3918.757575,3847.151515,4282.454545,4508.090909,4191.272727,4329.848484,4959.878787,4153.666666,-1
3916.696969,3845.60606,4281.939394,4508.60606,4192.30303,4331.90909,4955.242424,4163.454545,-1
3915.666666,3845.60606,4282.969697,4507.575757,4195.393939,4331.393939,4957.30303,4163.969697,-1
3918.242424,3850.242424,4286.060606,4508.60606,4196.939394,4331.90909,4964,4158.818181,-1
3918.242424,3853.333333,4288.636363,4510.666666,4201.575757,4337.575757,4972.242424,4161.393939,-1
3916.696969,3851.787878,4286.060606,4509.636363,4204.666666,4341.181818,4975.333333,4165,-1
3918.242424,3851.272727,4282.454545,4507.575757,4199,4336.545454,4965.030303,4162.424242,-1
3916.696969,3852.30303,4284,4510.151515,4194.878787,4333.454545,4953.696969,4162.939394,-1
3915.151515,3851.787878,4286.575757,4508.60606,4195.90909,4333.454545,4963.484848,4164.484848,-1
3917.727272,3848.696969,4284.515151,4504.484848,4190.242424,4328.818181,4972.242424,4157.272727,-1
3918.242424,3848.181818,4282.454545,4508.090909,4187.151515,4328.30303,4960.90909,4153.666666,-1
3916.696969,3848.696969,4281.939394,4509.121212,4194.878787,4332.939394,4949.575757,4160.878787,-1
3916.696969,3847.151515,4281.424242,4505,4197.969697,4332.939394,4952.151515,4162.939394,-1
3917.212121,3847.151515,4281.424242,4505,4193.333333,4331.90909,4960.90909,4160.878787,-1
3917.212121,3848.181818,4280.393939,4508.090909,4191.272727,4332.939394,4971.212121,4163.454545,-1
3916.696969,3845.60606,4280.90909,4508.090909,4193.333333,4333.454545,4974.30303,4166.545454,-1
3917.212121,3844.575757,4282.454545,4506.545454,4192.818181,4335,4961.939393,4167.060606,-1
3917.727272,3847.666666,4284,4508.090909,4186.121212,4333.969697,4954.727272,4166.030303,-1
3916.181818,3849.212121,4284.515151,4509.121212,4188.181818,4331.90909,4961.939393,4165.515151,-1
3916.181818,3848.696969,4286.060606,4506.545454,4195.393939,4335,4964,4171.181818,-1
3916.696969,3849.727272,4285.030303,4506.545454,4193.333333,4337.060606,4960.90909,4170.666666,-1
3915.666666,3849.212121,4281.939394,4506.545454,4188.696969,4332.939394,4960.90909,4162.939394,-1
3916.696969,3850.757575,4282.969697,4505,4187.666666,4330.878787,4965.030303,4166.030303,-1
3917.727272,3854.878787,4285.545454,4503.454545,4188.181818,4335,4969.666666,4176.848484,-1
3915.151515,3852.818181,4284,4501.90909,4185.60606,4332.939394,4964,4175.30303,-1
3914.636363,3848.696969,4281.424242,4502.424242,4180.969697,4323.151515,4954.212121,4163.969697,-1
3917.727272,3849.212121,4282.969697,4505,4180.969697,4320.575757,4955.757575,4161.90909,-1
3917.727272,3848.181818,4285.030303,4506.545454,4186.121212,4325.727272,4956.787878,4159.333333,-1
3914.636363,3848.181818,4282.969697,4506.030303,4185.090909,4325.727272,4951.636363,4157.272727,-1
3917.212121,3851.272727,4282.454545,4506.545454,4175.30303,4324.181818,4958.848484,4166.030303,-1
3919.787878,3851.272727,4280.90909,4505.515151,4171.696969,4326.242424,4966.060606,4171.181818,-1
3916.696969,3848.696969,4276.787878,4500.363636,4177.878787,4325.212121,4960.90909,4170.666666,-1
3915.666666,3849.212121,4279.878787,4501.393939,4189.212121,4324.181818,4961.939393,4175.30303,-1
3917.727272,3850.242424,4282.969697,4508.090909,4193.333333,4326.242424,4967.090909,4175.30303,-1
3917.727272,3849.212121,4273.696969,4506.030303,4181.484848,4320.575757,4957.30303,4167.060606,-1
3917.212121,3843.545454,4263.393939,4499.848484,4167.575757,4313.363636,4952.151515,4163.454545,-1
3917.727272,3840.454545,4271.121212,4505.515151,4173.242424,4316.969697,4962.454545,4163.969697,-1
3919.272727,3844.575757,4277.30303,4508.60606,4184.575757,4318.515151,4957.30303,4161.90909,-1
3919.787878,3847.666666,4270.60606,4499.848484,4177.363636,4316.454545,4952.151515,4167.575757,-1
3919.272727,3848.696969,4272.151515,4501.90909,4174.272727,4320.575757,4970.696969,4178.90909,-1
3917.212121,3848.696969,4280.393939,4514.272727,4193.333333,4326.757575,4979.969696,4184.060606,-1
3915.151515,3849.212121,4281.424242,4509.121212,4207.242424,4333.454545,4966.575757,4186.636363,-1
3915.666666,3849.727272,4280.393939,4501.90909,4196.424242,4332.424242,4955.757575,4178.393939,-1
3916.696969,3850.242424,4282.454545,4506.545454,4184.060606,4319.545454,4956.272727,4167.060606,-1
3916.181818,3850.242424,4288.121212,4510.666666,4193.333333,4317.484848,4960.393939,4171.181818,-1
3916.181818,3847.151515,4293.787878,4511.696969,4201.575757,4322.121212,4959.878787,4174.787878,-1
3916.696969,3846.636363,4291.727272,4509.636363,4192.30303,4318,4956.787878,4164.484848,-1
3917.727272,3848.181818,4281.939394,4506.030303,4187.151515,4315.939394,4956.272727,4160.878787,-1
3916.181818,3849.727272,4282.454545,4507.060606,4198.484848,4326.242424,4960.393939,4173.242424,-1
3915.666666,3852.30303,4287.60606,4507.060606,4208.787878,4335,4961.939393,4187.151515,-1
3915.666666,3851.272727,4283.484848,4501.90909,4203.121212,4330.363636,4960.90909,4190.242424,-1
3916.181818,3847.666666,4280.393939,4503.454545,4194.363636,4323.151515,4959.878787,4183.545454,-1
3915.666666,3846.636363,4281.939394,4512.212121,4195.393939,4322.121212,4956.787878,4177.878787,-1
3911.545454,3849.212121,4285.545454,4511.181818,4202.090909,4327.787878,4959.878787,4182.515151,-1
3913.090909,3850.757575,4288.121212,4506.545454,4207.757575,4331.393939,4972.757575,4190.757575,-1
3917.212121,3848.696969,4286.060606,4510.151515,4202.090909,4329.333333,4976.363636,4190.242424,-1
3914.636363,3846.636363,4284,4511.181818,4192.30303,4325.727272,4962.454545,4183.030303,-1
3914.121212,3848.696969,4285.545454,4507.575757,4194.363636,4325.727272,4953.696969,4179.939394,-1
3915.666666,3852.818181,4286.060606,4508.090909,4201.575757,4329.333333,4966.575757,4182,-1
3914.636363,3850.757575,4282.969697,4506.030303,4200.545454,4331.393939,4982.545454,4189.212121,-1
3917.212121,3850.242424,4281.939394,4502.939393,4197.969697,4330.878787,4977.90909,4199,-1
3919.272727,3851.787878,4282.969697,4506.545454,4198.484848,4329.848484,4962.969696,4194.878787,-1
3915.666666,3847.666666,4281.939394,4507.060606,4191.272727,4326.757575,4964.515151,4177.363636,-1
3915.666666,3850.242424,4282.969697,4506.545454,4184.060606,4326.242424,4972.757575,4174.272727,-1
3917.727272,3864.151515,4286.575757,4508.090909,4188.696969,4327.787878,4974.30303,4190.242424,-1
3918.242424,3868.272727,4287.090909,4505.515151,4190.242424,4327.787878,4973.787878,4196.939394,-1
3917.727272,3856.424242,4285.030303,4504.484848,4186.121212,4329.333333,4970.181818,4187.151515,-1
3916.181818,3855.909091,4285.030303,4507.575757,4191.787878,4333.454545,4965.030303,4181.484848,-1
3916.696969,3860.545454,4284,4505.515151,4196.939394,4328.30303,4971.212121,4183.545454,-1
3916.696969,3854.363636,4282.454545,4503.969697,4192.30303,4321.60606,4976.878787,4188.696969,-1
3916.181818,3849.212121,4282.454545,4509.636363,4189.212121,4325.212121,4966.060606,4191.787878,-1
3916.181818,3851.272727,4282.454545,4510.666666,4186.636363,4324.181818,4956.787878,4187.666666,-1
3917.727272,3851.272727,4284,4507.575757,4178.90909,4316.969697,4961.424242,4181.484848,-1
3918.242424,3849.727272,4281.939394,4510.151515,4178.393939,4320.060606,4970.696969,4180.969697,-1
3916.696969,3849.727272,4275.242424,4508.090909,4187.151515,4325.212121,4972.242424,4184.060606,-1
3915.151515,3847.666666,4281.424242,4507.060606,4190.757575,4325.212121,4959.363636,4185.090909,-1
3915.151515,3847.666666,4284,4510.151515,4187.666666,4325.212121,4959.363636,4185.090909,-1
3915.666666,3850.757575,4284,4508.60606,4190.242424,4328.818181,4964.515151,4184.575757,-1
3917.212121,3851.272727,4283.484848,4505,4197.969697,4331.393939,4973.787878,4185.60606,-1
3917.727272,3850.757575,4287.090909,4507.575757,4204.666666,4339.636363,4982.545454,4192.30303,-1
3916.696969,3855.909091,4296.878787,4513.757575,4207.757575,4344.272727,4988.212121,4202.60606,-1
3916.181818,3856.939394,4298.424242,4511.696969,4204.666666,4335.515151,4985.636363,4201.575757,-1
3918.757575,3851.787878,4289.666666,4507.060606,4197.969697,4329.333333,4978.939393,4192.818181,-1
3919.787878,3854.878787,4286.060606,4509.636363,4203.121212,4337.060606,4978.424242,4194.878787,-1
3916.696969,3862.60606,4292.242424,4511.181818,4213.939394,4343.242424,4983.060606,4203.636363,-1
3915.666666,3864.151515,4297.90909,4509.121212,4209.818181,4337.060606,4979.969696,4202.60606,-1
3916.181818,3860.545454,4295.848484,4511.181818,4199,4331.393939,4971.212121,4193.333333,-1
3915.151515,3855.393939,4289.151515,4510.151515,4205.696969,4335,4972.242424,4195.393939,-1
3915.151515,3849.727272,4283.484848,4506.030303,4210.333333,4335.515151,4982.030303,4200.545454,-1
3917.212121,3849.727272,4284,4506.545454,4195.393939,4330.363636,4984.60606,4192.818181,-1
3917.727272,3851.272727,4283.484848,4505,4188.181818,4330.878787,4971.727272,4185.60606,-1
3913.60606,3848.181818,4277.818181,4502.939393,4192.30303,4330.363636,4955.757575,4186.636363,-1
3911.030303,3845.60606,4276.787878,4504.484848,4189.727272,4323.666666,4963.484848,4190.757575,-1
3914.121212,3852.30303,4280.393939,4500.878787,4188.696969,4323.151515,4981,4190.757575,-1
3916.696969,3861.575757,4283.484848,4502.939393,4196.939394,4330.878787,4973.272727,4193.333333,-1
3917.212121,3858.484848,4282.969697,4508.090909,4203.636363,4335,4960.90909,4194.878787,-1
3917.727272,3848.696969,4280.90909,4502.424242,4196.939394,4326.757575,4966.575757,4185.60606,-1
3916.181818,3850.757575,4281.939394,4500.363636,4191.272727,4321.60606,4967.60606,4185.090909,-1
3917.727272,3855.909091,4283.484848,4508.60606,4197.454545,4325.727272,4963.484848,4191.787878,-1
3920.30303,3850.242424,4284,4509.636363,4206.212121,4328.30303,4972.242424,4188.696969,-1
3916.696969,3854.878787,4287.090909,4503.969697,4208.272727,4332.424242,4980.484848,4189.727272,-1
3914.121212,3864.666666,4289.151515,4506.545454,4204.151515,4339.636363,4973.272727,4201.060606,-1
3917.727272,3859.515151,4287.60606,4506.545454,4202.090909,4337.060606,4965.030303,4195.90909,-1
3916.696969,3853.333333,4282.969697,4502.424242,4203.121212,4331.393939,4970.181818,4186.636363,-1
3910.515151,3857.969697,4282.969697,4503.969697,4205.696969,4335,4978.939393,4196.939394,-1
3912.575757,3864.151515,4288.121212,4506.030303,4208.272727,4340.666666,4979.969696,4205.696969,-1
3917.727272,3862.090909,4288.636363,4506.030303,4208.787878,4336.030303,4975.333333,4198.484848,-1
3917.212121,3857.454545,4285.545454,4506.030303,4208.787878,4328.30303,4969.151515,4192.30303,-1
3918.757575,3855.909091,4284.515151,4509.121212,4205.696969,4327.272727,4965.545454,4192.30303,-1
3919.787878,3855.909091,4285.545454,4510.151515,4200.030303,4328.30303,4966.575757,4187.151515,-1
3916.181818,3851.787878,4285.545454,4506.030303,4192.818181,4324.181818,4964.515151,4182,-1
3916.181818,3844.575757,4282.454545,4503.454545,4188.181818,4319.030303,4959.878787,4180.454545,-1
3917.727272,3847.151515,4280.90909,4505,4193.333333,4325.212121,4970.696969,4185.60606,-1
3915.151515,3850.757575,4284.515151,4509.636363,4203.121212,4336.030303,4982.030303,4200.030303,-1
3915.666666,3850.242424,4287.090909,4510.151515,4204.151515,4336.030303,4974.818181,4202.60606,-1
3917.727272,3856.424242,4284.515151,4509.121212,4202.60606,4332.939394,4973.272727,4197.454545,-1
3918.757575,3863.121212,4287.60606,4511.181818,4205.696969,4332.939394,4986.151515,4204.666666,-1
3917.727272,3864.151515,4290.696969,4510.151515,4207.242424,4333.454545,4983.060606,4210.333333,-1
3917.212121,3862.60606,4292.757575,4509.636363,4205.181818,4334.484848,4973.787878,4209.30303,-1
3917.727272,3865.696969,4296.878787,4511.181818,4202.60606,4337.060606,4983.060606,4213.424242,-1
3916.181818,3868.787878,4295.333333,4512.212121,4203.121212,4336.545454,4988.727272,4216,-1
3915.666666,3865.181818,4288.121212,4509.636363,4204.151515,4330.878787,4976.363636,4208.787878,-1
3917.212121,3862.60606,4286.060606,4509.636363,4199.515151,4328.30303,4970.696969,4203.121212,-1
3917.212121,3863.121212,4287.090909,4509.636363,4198.484848,4330.363636,4973.787878,4201.060606,-1
3916.181818,3856.939394,4281.424242,4507.060606,4200.030303,4327.272727,4968.121212,4192.30303,-1
3916.696969,3848.181818,4272.151515,4503.454545,4195.90909,4321.090909,4960.90909,4185.60606,-1
3919.272727,3847.666666,4268.030303,4501.90909,4190.757575,4317.484848,4961.424242,4187.666666,-1
3917.212121,3844.060606,4271.121212,4505,4187.666666,4316.969697,4959.363636,4189.727272,-1
3913.60606,3839.939394,4270.60606,4504.484848,4184.060606,4314.90909,4948.545454,4189.212121,-1
3915.666666,3845.60606,4267,4503.969697,4184.575757,4313.363636,4942.363636,4189.727272,-1
3917.727272,3847.666666,4270.60606,4507.575757,4184.575757,4312.333333,4952.666666,4193.333333,-1
3916.181818,3839.939394,4271.121212,4506.545454,4176.848484,4311.818181,4959.878787,4192.818181,-1
3914.636363,3834.272727,4266.484848,4503.454545,4170.151515,4309.757575,4947,4186.121212,-1
3918.757575,3834.272727,4265.454545,4506.545454,4175.818181,4308.727272,4940.30303,4183.545454,-1
3915.151515,3833.757575,4268.545454,4512.727272,4187.666666,4312.848484,4954.727272,4189.212121,-1
3910,3834.787878,4269.575757,4509.636363,4188.696969,4314.90909,4961.424242,4190.757575,-1
3915.151515,3835.818181,4267,4503.454545,4181.484848,4313.363636,4945.969696,4185.60606,-1
3914.636363,3833.757575,4262.363636,4503.969697,4178.90909,4309.757575,4937.212121,4179.939394,-1
3908.969697,3832.727272,4259.787878,4503.969697,4177.363636,4305.121212,4946.484848,4179.939394,-1
3914.636363,3832.212121,4262.878787,4504.484848,4175.30303,4306.666666,4947,4186.121212,-1
3919.272727,3834.272727,4267,4506.545454,4184.060606,4313.878787,4944.424242,4191.272727,-1
3915.151515,3835.818181,4268.030303,4507.575757,4192.818181,4316.454545,4953.181818,4195.90909,-1
3915.666666,3833.757575,4266.484848,4505,4186.121212,4312.333333,4952.151515,4195.90909,-1
3919.272727,3832.727272,4267,4504.484848,4182,4312.848484,4940.30303,4193.848484,-1
3920.30303,3835.818181,4273.696969,4510.151515,4186.636363,4315.939394,4941.333333,4189.727272,-1
3919.787878,3834.787878,4279.363636,4511.696969,4189.727272,4316.969697,4949.575757,4185.090909,-1
3917.727272,3833.757575,4274.212121,4508.090909,4190.757575,4317.484848,4952.151515,4182.515151,-1
3917.727272,3838.909091,4264.424242,4506.545454,4183.030303,4313.878787,4954.727272,4185.090909,-1
3916.181818,3843.545454,4272.151515,4509.636363,4176.848484,4313.878787,4955.242424,4192.818181,-1
3915.151515,3846.121212,4286.060606,4513.242424,4183.545454,4320.575757,4952.151515,4193.333333,-1
3916.181818,3844.060606,4280.90909,4511.181818,4179.424242,4321.60606,4958.333333,4188.696969,-1
3916.181818,3841.484848,4272.151515,4508.60606,4171.696969,4315.424242,4965.030303,4192.818181,-1
3916.181818,3842,4277.818181,4510.151515,4179.424242,4313.363636,4960.393939,4197.969697,-1
3918.757575,3840.969697,4281.424242,4510.151515,4184.060606,4315.424242,4956.787878,4195.393939,-1
3920.30303,3839.424242,4277.30303,4510.151515,4179.424242,4318,4958.848484,4195.90909,-1
3918.242424,3843.545454,4280.393939,4511.181818,4183.030303,4317.484848,4959.363636,4191.787878,-1
3918.242424,3847.151515,4284.515151,4511.181818,4191.272727,4319.030303,4960.393939,4182.515151,-1
3918.757575,3844.575757,4281.939394,4512.727272,4190.757575,4322.121212,4965.030303,4186.121212,-1
3917.727272,3847.666666,4281.939394,4513.757575,4191.272727,4325.727272,4968.636363,4196.424242,-1
3916.181818,3849.727272,4289.666666,4512.212121,4196.939394,4326.242424,4965.030303,4195.393939,-1
3913.090909,3847.151515,4294.30303,4516.333333,4200.030303,4327.787878,4960.393939,4193.333333,-1
3912.060606,3850.242424,4291.212121,4519.424242,4198.484848,4331.393939,4964,4204.151515,-1
3916.181818,3853.848484,4286.060606,4515.818181,4191.787878,4328.30303,4969.151515,4202.090909,-1
3917.727272,3853.333333,4287.60606,4515.30303,4187.151515,4323.666666,4970.696969,4191.787878,-1
3916.696969,3856.424242,4292.757575,4514.787878,4193.848484,4325.727272,4973.787878,4197.454545,-1
3917.727272,3860.545454,4290.181818,4514.787878,4200.545454,4329.848484,4969.666666,4203.121212,-1
3917.727272,3860.545454,4288.121212,4516.848484,4195.393939,4330.363636,4965.030303,4197.454545,-1
3917.727272,3860.545454,4291.212121,4516.848484,4191.787878,4329.333333,4971.212121,4191.787878,-1
3918.757575,3862.60606,4288.636363,4512.212121,4200.030303,4332.939394,4977.393939,4189.212121,-1
3917.727272,3864.151515,4286.575757,4510.151515,4207.757575,4341.181818,4980.484848,4195.393939,-1
3918.757575,3865.696969,4291.212121,4516.848484,4209.818181,4342.727272,4981.515151,4207.757575,-1
3918.242424,3866.212121,4294.818181,4520.454545,4210.333333,4335.515151,4979.969696,4212.90909,-1
3916.181818,3863.121212,4289.151515,4517.363636,4211.363636,4335,4983.575757,4207.242424,-1
3915.151515,3862.60606,4286.060606,4517.363636,4214.969697,4342.727272,4991.818181,4204.666666,-1
3916.696969,3864.666666,4293.272727,4519.424242,4219.090909,4347.363636,4992.848484,4207.757575,-1
3917.727272,3903.818181,4288.121212,4516.848484,4207.757575,4347.878787,4988.212121,4154.181818,1
3914.636363,3858.484848,4265.969697,4513.242424,4194.878787,4333.969697,5020.666666,4171.181818,1
3914.636363,3858.484848,4265.969697,4513.242424,4194.878787,4333.969697,5020.666666,4171.181818,1
3916.696969,3857.454545,4271.636363,4511.696969,4195.393939,4337.060606,5029.939393,4172.212121,1
3917.727272,3856.939394,4263.90909,4509.636363,4190.242424,4329.848484,5009.333333,4138.212121,1
3915.151515,3855.393939,4265.969697,4512.727272,4186.121212,4329.333333,5003.666666,4147.484848,1
3914.636363,3852.30303,4265.969697,4514.787878,4184.060606,4328.818181,5022.727272,4179.424242,1
3917.212121,3848.696969,4267,4513.242424,4181.484848,4323.151515,5018.090909,4152.121212,1
3913.60606,3851.272727,4266.484848,4514.787878,4174.787878,4311.30303,4980.484848,4127.393939,1
3913.60606,3851.272727,4266.484848,4514.787878,4174.787878,4311.30303,4980.484848,4127.393939,1
3916.696969,3857.969697,4271.636363,4514.272727,4170.151515,4313.878787,5011.393939,4163.454545,1
3917.212121,3854.878787,4273.696969,4512.727272,4174.272727,4324.696969,5030.454545,4167.575757,1
3917.212121,3852.30303,4273.181818,4513.242424,4183.545454,4325.727272,5016.545454,4156.242424,1
3917.212121,3856.424242,4272.666666,4513.757575,4184.060606,4324.696969,5009.333333,4159.333333,1
3915.666666,3857.454545,4277.30303,4513.757575,4186.121212,4333.969697,5025.30303,4170.151515,1
3916.696969,3849.727272,4281.424242,4513.242424,4190.757575,4335.515151,5024.272727,4165.515151,1
3916.696969,3847.151515,4277.30303,4511.181818,4187.666666,4330.878787,5011.393939,4161.393939,1
3915.666666,3850.242424,4271.636363,4512.727272,4185.60606,4332.939394,5019.636363,4166.030303,1
3917.727272,3856.424242,4275.757575,4516.333333,4197.969697,4341.696969,5030.969696,4167.575757,1
3917.727272,3862.090909,4281.939394,4517.878787,4204.666666,4340.151515,5024.272727,4163.969697,1
3917.212121,3859.515151,4271.121212,4515.30303,4186.636363,4324.696969,5007.272727,4159.848484,1
3916.696969,3858.484848,4273.696969,4513.757575,4179.939394,4323.151515,5008.818181,4157.272727,1
3916.696969,3858.484848,4273.696969,4513.757575,4179.939394,4323.151515,5008.818181,4157.272727,1
3915.666666,3855.909091,4261.848484,4512.727272,4181.484848,4325.727272,5002.636363,4159.333333,1
3916.696969,3851.787878,4261.848484,4510.666666,4172.212121,4321.60606,4985.121212,4158.30303,1
3918.242424,3849.212121,4261.848484,4512.727272,4169.121212,4317.484848,4973.787878,4147.484848,1
3914.121212,3840.969697,4270.60606,4517.363636,4172.212121,4318.515151,4973.272727,4130.484848,1
3914.121212,3840.969697,4270.60606,4517.363636,4172.212121,4318.515151,4973.272727,4130.484848,1
3916.181818,3841.484848,4258.242424,4512.212121,4162.939394,4318,4967.090909,4135.636363,1
3915.666666,3843.030303,4247.424242,4509.636363,4156.242424,4310.272727,4951.121212,4139.757575,1
3916.696969,3843.545454,4260.30303,4512.727272,4162.939394,4309.757575,4918.666666,4134.60606,1
3916.696969,3843.545454,4260.30303,4512.727272,4162.939394,4309.757575,4918.666666,4134.60606,1
3918.242424,3839.424242,4254.636363,4511.696969,4158.30303,4309.242424,4906.30303,4123.787878,1
3920.30303,3835.30303,4253.090909,4514.272727,4152.636363,4297.90909,4894.454545,4122.242424,1
3920.30303,3835.30303,4253.090909,4513.757575,4149.030303,4297.90909,4894.454545,4122.242424,1
3919.787878,3834.787878,4250,4512.212121,4142.333333,4297.90909,4881.575757,4148,1
3919.787878,3834.787878,4250,4512.212121,4142.333333,4297.90909,4881.575757,4148,1
3919.272727,3830.666666,4250,4512.212121,4139.242424,4296.878787,4886.212121,4153.666666,1
3916.696969,3825,4247.424242,4514.787878,4139.242424,4291.727272,4886.212121,4156.242424,1
3917.727272,3820.363636,4249.484848,4516.333333,4138.212121,4290.181818,4871.787878,4165,1
3917.727272,3820.878788,4249.484848,4512.727272,4138.212121,4294.818181,4871.787878,4169.121212,1
3915.151515,3813.666666,4245.363636,4512.212121,4149.030303,4300.484848,4871.787878,4139.242424,1
3915.151515,3813.666666,4245.363636,4512.212121,4149.030303,4300.484848,4871.787878,4139.242424,1
3916.696969,3811.60606,4241.757575,4511.696969,4139.757575,4288.121212,4857.363636,4140.787878,1
3915.666666,3813.151515,4238.666666,4510.666666,4136.151515,4282.969697,4857.363636,4138.212121,1
3915.151515,3810.060606,4236.60606,4510.151515,4135.636363,4286.060606,4859.424242,4112.454545,1
3915.666666,3810.060606,4235.060606,4509.121212,4125.333333,4276.787878,4857.878787,4084.121212,1
3915.151515,3815.212121,4231.454545,4510.666666,4117.60606,4265.454545,4859.424242,4070.727272,1
3915.151515,3812.636363,4225.272727,4512.212121,4117.090909,4267.515151,4855.818181,4056.818181,1
3914.121212,3805.424242,4226.818181,4509.121212,4114.515151,4267,4856.848484,4040.848484,1
3914.121212,3803.878788,4232.484848,4510.666666,4111.424242,4265.454545,4868.696969,4041.363636,1
3914.636363,3800.787878,4224.242424,4514.272727,4117.090909,4278.848484,4875.90909,4056.818181,1
3914.121212,3797.181818,4216.515151,4511.696969,4120.181818,4282.969697,4867.151515,4065.575757,1
3914.636363,3799.757575,4222.696969,4511.181818,4107.818181,4259.787878,4831.60606,4068.666666,1
3915.151515,3802.848484,4228.878787,4514.787878,4101.121212,4245.363636,4801.727272,4086.696969,1
3914.636363,3801.30303,4227.333333,4512.727272,4105.242424,4254.121212,4817.696969,4109.878787,1
3915.151515,3801.30303,4229.90909,4510.666666,4102.151515,4260.818181,4830.575757,4115.030303,1
3915.151515,3805.424242,4233.515151,4512.727272,4106.787878,4264.939394,4812.545454,4118.636363,1
3916.181818,3802.848484,4227.848484,4513.757575,4123.787878,4268.545454,4803.272727,4142.333333,1
3916.181818,3798.212121,4226.30303,4513.242424,4129.454545,4267.515151,4799.666666,4159.848484,1
3914.636363,3796.666666,4228.363636,4512.727272,4121.727272,4263.90909,4777,4146.454545,1
3914.121212,3794.60606,4220.636363,4513.242424,4116.060606,4258.757575,4763.090909,4126.878787,1
3914.121212,3798.212121,4223.212121,4514.787878,4122.242424,4259.272727,4779.060606,4137.181818,1
3914.636363,3806.454545,4240.727272,4513.757575,4122.757575,4261.333333,4792.454545,4146.969697,1
3914.636363,3803.878788,4239.696969,4510.666666,4103.696969,4262.363636,4788.333333,4129.454545,1
3915.666666,3799.757575,4229.90909,4513.242424,4098.030303,4263.90909,4793.484848,4123.787878,1
3918.242424,3805.939394,4241.757575,4517.878787,4120.181818,4263.90909,4824.393939,4139.242424,1
3916.181818,3813.151515,4250,4513.242424,4123.272727,4263.90909,4831.60606,4139.242424,1
3915.151515,3809.030303,4231.969697,4510.666666,4099.575757,4253.090909,4786.272727,4126.363636,1
3915.666666,3801.30303,4221.666666,4515.30303,4091.848484,4238.666666,4760,4124.30303,1
3912.575757,3804.393939,4227.333333,4517.363636,4101.121212,4244.848484,4778.030303,4123.787878,1
3913.090909,3810.060606,4231.969697,4517.363636,4106.787878,4260.818181,4793.484848,4129.969697,1
3915.666666,3807.484848,4237.636363,4518.393939,4111.424242,4266.484848,4797.60606,4146.969697,1
3916.181818,3805.424242,4243.30303,4518.393939,4117.60606,4262.878787,4805.848484,4151.60606,1
3915.666666,3812.121212,4247.424242,4518.90909,4129.969697,4266.484848,4800.181818,4152.121212,1
3915.151515,3817.272727,4248.969697,4516.333333,4135.121212,4273.181818,4778.030303,4150.060606,1
3914.636363,3811.60606,4237.636363,4511.696969,4120.181818,4279.363636,4772.878787,4131.515151,1
3914.121212,3808,4240.212121,4511.696969,4113.484848,4285.030303,4781.121212,4132.030303,1
3915.151515,3815.727272,4246.393939,4511.696969,4118.636363,4279.363636,4777,4149.030303,1
3915.666666,3820.363636,4246.393939,4515.818181,4115.030303,4263.90909,4762.575757,4142.848484,1
3914.636363,3814.181818,4253.090909,4520.969697,4122.757575,4276.272727,4768.757575,4148,1
3916.181818,3805.939394,4253.090909,4520.969697,4133.575757,4301,4779.060606,4170.666666,1
3916.696969,3819.848484,4239.696969,4515.818181,4124.818181,4282.454545,4744.030303,4145.424242,1
3916.696969,3819.848484,4239.696969,4513.757575,4123.272727,4282.454545,4744.030303,4145.424242,1
3915.151515,3808.515151,4241.242424,4513.242424,4104.212121,4267,4728.575757,4158.30303,1
3915.151515,3808.515151,4246.90909,4513.242424,4104.212121,4267,4728.575757,4158.30303,1
3913.60606,3809.545454,4246.90909,4519.424242,4098.030303,4259.272727,4695.60606,4159.333333,1
3916.181818,3815.727272,4253.60606,4521.484848,4117.090909,4278.333333,4693.030303,4156.757575,1
3913.60606,3816.242424,4245.363636,4513.757575,4126.363636,4291.212121,4698.696969,4168.090909,1
3913.60606,3816.242424,4245.363636,4513.757575,4126.363636,4291.212121,4698.696969,4168.090909,1
3916.181818,3816.757575,4242.787878,4515.30303,4123.272727,4288.636363,4661.090909,4228.363636,1
3916.181818,3816.757575,4242.787878,4515.30303,4123.272727,4288.636363,4661.090909,4228.363636,1
3917.727272,3822.939394,4242.787878,4516.848484,4125.333333,4293.787878,4662.121212,4265.454545,1
3916.181818,3825.515151,4255.666666,4516.848484,4139.242424,4305.121212,4666.242424,4302.030303,1
3915.666666,3823.969697,4261.848484,4516.333333,4144.90909,4307.696969,4658.515151,4315.424242,1
3914.121212,3825.515151,4252.575757,4515.818181,4140.272727,4301.515151,4642.545454,4322.636363,1
3915.151515,3822.939394,4251.030303,4516.848484,4138.212121,4288.121212,4634.818181,4333.969697,1
3916.696969,3820.878788,4253.60606,4515.818181,4138.212121,4284.515151,4636.878787,4338.60606,1
3913.60606,3822.939394,4248.969697,4513.757575,4137.696969,4297.393939,4632.242424,4340.151515,1
3913.090909,3823.454545,4259.787878,4515.818181,4140.787878,4306.151515,4621.939393,4336.030303,1
3915.151515,3823.454545,4259.787878,4515.818181,4145.424242,4306.151515,4625.545454,4330.363636,1
3915.666666,3826.545454,4260.818181,4513.757575,4144.393939,4304.60606,4641.515151,4332.424242,1
3916.181818,3827.575757,4259.787878,4516.333333,4147.484848,4310.272727,4649.757575,4336.030303,1
3915.151515,3828.090909,4264.424242,4517.363636,4158.30303,4321.090909,4642.545454,4335.515151,1
3916.181818,3834.272727,4262.878787,4513.242424,4160.363636,4318,4634.30303,4335.515151,1
3917.727272,3834.272727,4259.272727,4515.818181,4163.454545,4306.151515,4642.030303,4339.121212,1
3914.636363,3828.60606,4268.545454,4523.545454,4178.90909,4318.515151,4658.515151,4353.545454,1
3916.181818,3830.666666,4274.212121,4521.484848,4189.727272,4342.727272,4667.272727,4369,1
3918.757575,3836.333333,4261.848484,4512.212121,4179.424242,4328.818181,4654.393939,4364.878787,1
3916.181818,3833.242424,4256.181818,4515.30303,4163.969697,4297.393939,4643.060606,4363.848484,1
3916.181818,3828.60606,4264.424242,4523.030303,4160.363636,4297.393939,4650.787878,4394.757575,1
3918.242424,3827.060606,4264.939394,4518.393939,4166.030303,4314.90909,4647.181818,4429.272727,1
3918.757575,3823.969697,4263.393939,4515.818181,4170.151515,4314.393939,4635.848484,4443.181818,1
3918.757575,3828.090909,4268.030303,4517.878787,4171.181818,4307.181818,4662.636363,4450.393939,1
3918.757575,3833.242424,4262.878787,4513.757575,4169.121212,4311.30303,4687.878787,4456.575757,1
3917.212121,3825.515151,4250.515151,4508.60606,4163.454545,4313.878787,4676.030303,4471,1
3914.121212,3817.272727,4250.515151,4510.151515,4158.30303,4310.787878,4675,4491.090909,1
3916.696969,3821.393939,4253.60606,4514.787878,4159.848484,4300.484848,4685.30303,4486.969697,1
3918.757575,3829.636363,4246.90909,4514.787878,4161.90909,4291.212121,4673.454545,4470.484848,1
3917.212121,3822.939394,4239.181818,4513.242424,4159.333333,4294.818181,4656.454545,4471,1
3914.636363,3810.575757,4244.333333,4513.757575,4155.212121,4298.939394,4652.848484,4480.787878,1
3914.636363,3810.575757,4244.333333,4512.212121,4151.60606,4293.787878,4651.818181,4474.60606,1
3916.696969,3813.151515,4244.333333,4513.242424,4155.727272,4296.363636,4652.333333,4446.787878,1
3914.636363,3810.060606,4248.969697,4516.333333,4166.030303,4306.151515,4653.363636,4421.030303,1
3914.121212,3815.727272,4244.848484,4511.696969,4152.636363,4289.151515,4646.666666,4414.333333,1
3914.636363,3833.242424,4248.969697,4510.151515,4140.272727,4286.060606,4638.939393,4417.939394,1
3914.636363,3833.242424,4248.969697,4510.151515,4140.272727,4286.060606,4638.939393,4417.939394,1
3915.151515,3827.060606,4252.575757,4513.242424,4160.363636,4286.060606,4643.060606,4390.636363,1
3917.212121,3823.969697,4249.484848,4513.757575,4154.181818,4290.181818,4644.090909,4380.333333,1
3916.696969,3832.727272,4258.757575,4512.212121,4151.090909,4310.272727,4644.090909,4390.636363,1
3916.181818,3835.30303,4254.121212,4510.151515,4159.333333,4312.848484,4642.030303,4380.333333,1
3916.696969,3827.575757,4238.666666,4510.666666,4153.151515,4298.424242,4640.484848,4357.151515,1
3916.696969,3827.575757,4247.939394,4514.272727,4140.272727,4293.787878,4630.696969,4349.939394,1
3914.636363,3832.727272,4256.181818,4511.696969,4140.272727,4292.757575,4627.090909,4349.939394,1
3913.090909,3829.121212,4245.878787,4510.151515,4148.515151,4291.727272,4639.454545,4344.787878,1
3915.666666,3824.484848,4241.757575,4512.212121,4142.333333,4290.181818,4641.515151,4330.878787,1
3917.212121,3829.636363,4239.696969,4509.636363,4133.575757,4286.060606,4634.818181,4318,1
3915.666666,3837.878787,4236.090909,4510.666666,4134.60606,4288.636363,4636.363636,4310.787878,1
3913.60606,3837.363636,4239.181818,4515.818181,4132.030303,4288.121212,4627.60606,4296.878787,1
3913.090909,3830.666666,4245.363636,4512.727272,4131.515151,4293.787878,4619.878787,4292.757575,1
3914.636363,3836.848484,4247.939394,4507.060606,4141.818181,4306.666666,4644.60606,4302.030303,1
3913.090909,3854.363636,4246.90909,4506.545454,4143.363636,4302.030303,4654.393939,4292.757575,1
3913.090909,3853.848484,4241.242424,4510.666666,4136.151515,4281.939394,4629.151515,4274.727272,1
3915.151515,3840.454545,4239.696969,4512.727272,4146.969697,4275.242424,4614.212121,4271.636363,1
3915.151515,3839.939394,4240.727272,4511.181818,4158.818181,4289.151515,4622.454545,4275.242424,1
3915.666666,3843.030303,4234.030303,4512.727272,4147.484848,4298.939394,4647.696969,4271.121212,1
3916.181818,3842.515151,4236.60606,4514.787878,4140.787878,4300.484848,4662.121212,4265.454545,1
3914.121212,3845.60606,4246.90909,4513.242424,4150.575757,4304.090909,4647.696969,4263.90909,1
3913.60606,3851.272727,4243.818181,4512.212121,4153.151515,4298.424242,4643.060606,4258.757575,1
3914.636363,3860.545454,4242.787878,4513.242424,4153.151515,4293.787878,4659.030303,4251.545454,1
3916.696969,3860.545454,4250.515151,4512.727272,4156.242424,4299.454545,4646.666666,4248.454545,1
3916.181818,3849.212121,4246.393939,4510.151515,4152.121212,4298.939394,4627.60606,4251.030303,1
3915.151515,3848.696969,4240.212121,4511.181818,4149.545454,4298.424242,4654.393939,4252.575757,1
3917.212121,3855.393939,4251.030303,4512.727272,4149.545454,4309.757575,4682.727272,4248.454545,1
3917.727272,3851.787878,4262.363636,4508.60606,4155.212121,4313.878787,4675,4240.212121,1
3916.696969,3849.212121,4257.727272,4506.030303,4159.848484,4304.60606,4663.666666,4224.757575,1
3915.151515,3858.484848,4247.424242,4509.636363,4152.121212,4308.212121,4668.818181,4214.454545,1
3913.60606,3862.090909,4247.424242,4510.151515,4142.848484,4307.181818,4677.575757,4205.181818,1
3917.727272,3855.393939,4250,4508.090909,4142.848484,4292.242424,4679.121212,4190.242424,1
3918.242424,3853.848484,4247.939394,4507.060606,4152.121212,4298.424242,4680.666666,4188.696969,1
3915.666666,3856.424242,4247.424242,4507.060606,4150.060606,4312.333333,4673.454545,4191.272727,1
3917.727272,3852.818181,4245.363636,4508.090909,4132.030303,4299.454545,4668.818181,4184.060606,1
3919.272727,3850.757575,4240.727272,4508.090909,4126.363636,4288.636363,4687.363636,4186.636363,1
3919.272727,3854.878787,4240.727272,4510.666666,4145.424242,4305.121212,4699.212121,4195.90909,1
3917.212121,3855.909091,4239.181818,4509.121212,4148,4312.333333,4690.454545,4190.242424,1
3914.121212,3852.818181,4239.181818,4503.454545,4127.909091,4295.333333,4685.818181,4182,1
3916.181818,3850.242424,4241.242424,4507.060606,4128.424242,4284.515151,4686.333333,4177.363636,1
3917.212121,3850.242424,4236.60606,4510.666666,4140.787878,4283.484848,4687.878787,4171.696969,1
3917.212121,3847.666666,4231.969697,4508.090909,4140.272727,4283.484848,4689.939393,4167.575757,1
3916.181818,3850.757575,4237.636363,4505.515151,4136.151515,4290.181818,4690.969697,4169.121212,1
3916.696969,3857.454545,4240.212121,4508.090909,4137.181818,4289.666666,4697.151515,4173.242424,1
3916.696969,3857.454545,4240.212121,4508.090909,4137.181818,4289.666666,4697.151515,4173.242424,1
3915.666666,3853.848484,4238.151515,4507.575757,4140.272727,4307.696969,4712.090909,4177.878787,1
3913.090909,3854.363636,4237.121212,4507.575757,4135.121212,4313.363636,4731.151515,4178.90909,1
3916.181818,3854.878787,4235.060606,4508.090909,4128.424242,4283.484848,4725.484848,4172.212121,1
3917.727272,3855.909091,4237.121212,4506.545454,4134.60606,4272.151515,4704.363636,4165.515151,1
3919.272727,3857.969697,4236.090909,4506.545454,4136.151515,4287.60606,4710.545454,4160.363636,1
3916.696969,3862.60606,4233,4508.60606,4133.060606,4288.121212,4737.333333,4161.393939,1
3914.636363,3866.727272,4235.575757,4510.666666,4130.484848,4273.181818,4729.60606,4163.454545,1
3917.727272,3863.636363,4233.515151,4508.60606,4126.363636,4271.121212,4715.181818,4159.848484,1
3916.696969,3861.060606,4225.787878,4505,4135.121212,4290.181818,4733.727272,4162.424242,1
3916.696969,3861.575757,4224.757575,4507.575757,4146.454545,4309.757575,4757.424242,4153.666666,1
3917.212121,3864.151515,4229.393939,4507.060606,4142.848484,4318.515151,4779.575757,4131.515151,1
3916.181818,3867.242424,4230.424242,4505,4137.696969,4302.545454,4780.60606,4134.090909,1
3916.696969,3866.212121,4228.363636,4508.090909,4132.545454,4267,4737.848484,4162.939394,1
3917.212121,3866.727272,4229.393939,4510.666666,4131.515151,4256.696969,4718.272727,4202.090909,1
3917.212121,3867.242424,4234.545454,4511.181818,4149.545454,4290.696969,4769.272727,4250.515151,1
3916.181818,3860.030303,4236.090909,4509.636363,4163.969697,4313.878787,4805.333333,4297.90909,1
3916.181818,3855.909091,4231.454545,4508.090909,4161.393939,4301.515151,4798.121212,4340.151515,1
3917.212121,3863.636363,4231.969697,4509.121212,4165.515151,4298.939394,4815.636363,4385.484848,1
3915.666666,3872.393939,4238.666666,4507.575757,4177.878787,4316.969697,4844.484848,4420.515151,1
3917.727272,3870.333333,4238.666666,4508.090909,4177.363636,4326.757575,4842.939393,4438.545454,1
3918.757575,3869.818181,4236.60606,4510.666666,4169.636363,4322.121212,4839.848484,4459.666666,1
3917.212121,3871.878787,4240.212121,4507.060606,4172.212121,4320.060606,4857.878787,4485.424242,1
3916.181818,3868.272727,4241.242424,4507.575757,4184.575757,4323.666666,4876.939393,4506.030303,1
3913.60606,3867.757575,4244.848484,4510.666666,4195.90909,4333.454545,4894.454545,4527.151515,1
3914.121212,3869.818181,4247.939394,4512.727272,4196.424242,4342.727272,4902.696969,4541.575757,1
3914.121212,3865.181818,4244.848484,4511.696969,4199,4336.030303,4892.90909,4540.545454,1
3914.636363,3863.121212,4242.272727,4506.545454,4205.181818,4330.878787,4900.121212,4536.939393,1
3917.727272,3864.151515,4242.272727,4509.121212,4197.969697,4334.484848,4916.60606,4538.484848,1
3915.666666,3861.060606,4246.90909,4513.757575,4193.333333,4337.060606,4914.030303,4553.424242,1
3914.636363,3856.939394,4245.363636,4510.666666,4194.878787,4335.515151,4917.636363,4561.151515,1
3914.121212,3856.939394,4236.60606,4507.060606,4191.787878,4333.454545,4933.60606,4544.666666,1
3916.181818,3861.575757,4237.121212,4506.545454,4198.484848,4336.030303,4943.90909,4530.757575,1
3917.212121,3862.60606,4246.90909,4508.60606,4213.939394,4348.393939,4957.818181,4536.424242,1
3913.090909,3859.515151,4250.515151,4512.212121,4214.454545,4372.60606,4984.60606,4541.575757,1
3915.151515,3856.939394,4244.333333,4509.121212,4203.121212,4368.484848,4978.424242,4522,1
3916.696969,3860.030303,4242.272727,4507.575757,4199,4332.424242,4938.242424,4493.666666,1
3917.727272,3866.727272,4251.030303,4512.212121,4204.666666,4326.757575,4940.30303,4486.454545,1
3916.696969,3863.636363,4246.90909,4510.151515,4207.242424,4350.454545,4975.333333,4482.848484,1
3912.060606,3857.454545,4233,4507.060606,4203.121212,4343.757575,4968.121212,4461.212121,1
3916.696969,3858.484848,4237.636363,4512.212121,4203.636363,4325.212121,4944.424242,4436.484848,1
3917.727272,3864.666666,4245.878787,4512.727272,4210.333333,4341.181818,4958.333333,4418.454545,1
3916.181818,3868.787878,4240.727272,4507.060606,4212.90909,4356.636363,4973.272727,4399.393939,1
3915.151515,3869.30303,4238.151515,4508.090909,4207.757575,4342.212121,4965.030303,4384.969697,1
3913.60606,3867.242424,4244.333333,4508.090909,4202.60606,4330.878787,4964.515151,4374.666666,1
3917.727272,3864.666666,4248.969697,4509.121212,4208.787878,4339.121212,4968.636363,4350.969697,1
3911.545454,3714.757575,4263.90909,4507.575757,4193.848484,4324.181818,4772.363636,4145.939394,0
3912.060606,3713.212121,4269.575757,4514.787878,4197.969697,4324.181818,4778.030303,4160.363636,0
3914.636363,3713.727272,4268.545454,4518.393939,4194.363636,4325.727272,4777,4153.666666,0
3914.121212,3715.787878,4266.484848,4513.757575,4185.60606,4327.272727,4768.242424,4137.696969,0
3913.60606,3714.757575,4265.454545,4512.727272,4177.878787,4324.181818,4768.757575,4136.151515,0
3914.121212,3715.787878,4262.363636,4510.151515,4167.060606,4313.878787,4778.030303,4147.484848,0
3912.575757,3721.454545,4259.787878,4502.939393,4162.424242,4312.333333,4777,4159.848484,0
3912.060606,3725.060606,4259.787878,4500.878787,4170.151515,4315.424242,4768.242424,4158.818181,0
3913.090909,3728.151515,4262.878787,4501.90909,4177.363636,4317.484848,4773.393939,4150.060606,0
3915.151515,3731.757575,4269.575757,4506.545454,4184.060606,4323.151515,4780.090909,4145.939394,0
3913.60606,3735.363636,4275.757575,4516.333333,4202.090909,4329.848484,4777,4145.939394,0
3911.545454,3736.909091,4278.333333,4520.969697,4216.515151,4333.454545,4786.787878,4156.242424,0
3913.090909,3735.878788,4277.818181,4519.424242,4207.757575,4332.424242,4801.212121,4167.575757,0
3913.090909,3734.333333,4275.242424,4513.242424,4189.727272,4327.787878,4791.424242,4165.515151,0
3913.090909,3735.878788,4273.696969,4506.030303,4180.454545,4321.090909,4776.484848,4154.696969,0
3913.090909,3738.454545,4275.242424,4503.969697,4186.636363,4323.151515,4779.060606,4145.939394,0
3911.030303,3740.515151,4274.727272,4503.969697,4195.393939,4328.30303,4784.727272,4150.575757,0
3914.636363,3742.575757,4268.545454,4500.363636,4190.757575,4327.272727,4794,4166.030303,0
3916.181818,3742.060606,4268.030303,4499.333333,4188.696969,4330.363636,4808.424242,4174.787878,0
3912.575757,3737.424242,4271.636363,4504.484848,4197.969697,4334.484848,4806.878787,4169.636363,0
3911.030303,3736.909091,4274.727272,4509.636363,4209.30303,4336.545454,4804.30303,4167.060606,0
3913.090909,3741.545454,4280.90909,4515.818181,4220.636363,4347.363636,4812.545454,4162.939394,0
3914.636363,3743.090909,4284,4521.484848,4233,4359.212121,4810.484848,4152.636363,0
3912.060606,3743.090909,4287.60606,4517.363636,4236.60606,4359.727272,4809.454545,4162.424242,0
3912.575757,3746.181818,4287.60606,4512.212121,4225.787878,4354.575757,4823.363636,4182,0
3914.121212,3748.242424,4282.969697,4510.151515,4210.333333,4355.090909,4828,4187.151515,0
3911.030303,3753.393939,4279.363636,4499.333333,4207.242424,4355.090909,4819.242424,4185.60606,0
3911.545454,3757,4275.242424,4491.090909,4207.242424,4347.878787,4811,4180.969697,0
3912.575757,3752.878788,4271.636363,4494.696969,4192.818181,4340.151515,4808.424242,4173.757575,0
3913.090909,3748.757575,4273.696969,4502.424242,4182.515151,4333.969697,4805.848484,4164.484848,0
3915.151515,3747.727272,4273.181818,4508.090909,4191.787878,4329.848484,4798.636363,4152.636363,0
3914.636363,3746.696969,4272.666666,4510.666666,4209.30303,4336.545454,4805.333333,4156.242424,0
3915.666666,3747.212121,4284,4514.272727,4224.757575,4351.484848,4825.424242,4167.575757,0
3914.636363,3754.424242,4291.212121,4515.30303,4229.393939,4356.121212,4828.515151,4167.060606,0
3912.575757,3759.060606,4285.030303,4513.757575,4215.484848,4345.30303,4815.121212,4162.424242,0
3914.636363,3757,4280.393939,4510.151515,4190.242424,4332.939394,4811,4165,0
3913.090909,3755.969697,4278.848484,4504.484848,4169.636363,4329.333333,4815.636363,4165.515151,0
3912.575757,3751.333333,4270.090909,4498.818181,4163.969697,4327.272727,4808.939393,4155.727272,0
3913.60606,3750.30303,4262.363636,4492.636363,4172.212121,4321.60606,4802.757575,4154.181818,0
3913.60606,3759.060606,4266.484848,4492.636363,4183.545454,4325.727272,4815.121212,4165,0
3913.60606,3763.181818,4272.151515,4498.30303,4194.363636,4337.060606,4824.393939,4169.636363,0
3912.575757,3759.060606,4270.60606,4500.363636,4201.060606,4338.090909,4818.727272,4159.848484,0
3912.575757,3758.545454,4268.030303,4501.393939,4197.454545,4333.454545,4811,4150.575757,0
3913.60606,3763.181818,4272.666666,4507.060606,4195.393939,4336.545454,4810.484848,4156.242424,0
3912.575757,3765.757575,4280.393939,4510.151515,4203.121212,4343.757575,4817.181818,4163.969697,0
3911.545454,3763.696969,4275.757575,4509.121212,4199,4343.242424,4824.393939,4161.90909,0
3913.090909,3763.181818,4269.575757,4509.121212,4182.515151,4338.090909,4828.515151,4162.424242,0
3915.151515,3764.212121,4270.60606,4509.121212,4176.333333,4333.454545,4823.878787,4167.575757,0
3913.090909,3759.575757,4270.090909,4507.060606,4184.575757,4329.333333,4812.030303,4158.818181,0
3911.030303,3756.484848,4267.515151,4505,4196.939394,4329.848484,4807.90909,4146.454545,0
3914.121212,3758.030303,4269.575757,4507.575757,4200.030303,4333.454545,4819.242424,4154.181818,0
3913.60606,3761.121212,4274.727272,4510.151515,4204.666666,4338.090909,4835.212121,4172.212121,0
3912.575757,3762.666666,4275.757575,4508.090909,4210.333333,4340.666666,4836.242424,4175.30303,0
3914.121212,3762.666666,4274.212121,4509.636363,4206.727272,4338.60606,4821.818181,4159.333333,0
3913.60606,3761.636363,4274.212121,4513.242424,4203.121212,4340.151515,4816.151515,4158.30303,0
3915.151515,3763.181818,4272.151515,4510.666666,4193.333333,4341.696969,4826.454545,4172.727272,0
3914.121212,3764.212121,4272.666666,4505,4179.424242,4340.151515,4831.60606,4172.727272,0
3912.575757,3762.151515,4274.212121,4508.090909,4183.030303,4336.545454,4822.333333,4158.818181,0
3915.151515,3763.696969,4273.696969,4516.333333,4197.969697,4332.939394,4816.151515,4149.030303,0
3914.121212,3771.939394,4276.272727,4514.272727,4204.666666,4336.030303,4824.393939,4157.787878,0
3914.121212,3772.969697,4276.787878,4511.696969,4205.696969,4340.666666,4831.090909,4167.575757,0
3914.121212,3769.878788,4274.212121,4515.818181,4213.424242,4340.666666,4828.515151,4164.484848,0
3913.60606,3775.030303,4278.848484,4518.393939,4213.424242,4342.727272,4831.090909,4167.060606,0
3912.575757,3780.696969,4280.90909,4514.787878,4195.393939,4343.757575,4841.393939,4177.363636,0
3911.545454,3780.696969,4278.333333,4512.212121,4183.030303,4340.151515,4841.393939,4176.333333,0
3913.60606,3783.272727,4283.484848,4514.787878,4190.242424,4342.727272,4835.727272,4172.727272,0
3913.60606,3789.454545,4290.696969,4515.30303,4204.666666,4353.545454,4843.969696,4186.121212,0
3913.090909,3789.969697,4290.181818,4515.30303,4215.484848,4356.121212,4851.181818,4189.727272,0
3914.121212,3786.363636,4288.121212,4516.333333,4219.60606,4348.393939,4840.878787,4175.30303,0
3912.575757,3786.878788,4289.666666,4515.818181,4221.151515,4346.333333,4836.757575,4170.666666,0
3913.090909,3790.484848,4293.272727,4519.939393,4226.30303,4353.545454,4850.151515,4173.242424,0
3914.121212,3788.939394,4296.363636,4524.060606,4233.515151,4359.727272,4857.878787,4175.30303,0
3912.575757,3786.878788,4292.242424,4516.848484,4227.333333,4355.090909,4850.151515,4177.363636,0
3912.060606,3787.909091,4285.030303,4510.666666,4211.878787,4348.90909,4840.878787,4177.878787,0
3911.545454,3791.515151,4287.60606,4514.272727,4205.696969,4351.484848,4847.060606,4177.878787,0
3913.090909,3795.636363,4294.30303,4518.90909,4202.090909,4352.515151,4857.878787,4183.545454,0
3914.636363,3800.787878,4298.424242,4517.878787,4205.181818,4352.515151,4859.939393,4195.393939,0
3913.090909,3808,4303.060606,4515.30303,4228.363636,4362.30303,4866.636363,4208.272727,0
3912.575757,3812.121212,4306.151515,4519.939393,4245.878787,4370.545454,4868.696969,4206.727272,0
3912.060606,3812.636363,4307.696969,4525.090909,4244.848484,4367.454545,4858.90909,4193.333333,0
3913.60606,3811.60606,4307.696969,4526.636363,4246.393939,4366.424242,4859.424242,4192.30303,0
3915.666666,3812.121212,4305.636363,4529.212121,4252.060606,4370.545454,4871.787878,4204.666666,0
3914.121212,3817.272727,4308.212121,4529.212121,4249.484848,4373.636363,4877.454545,4215.484848,0
3914.121212,3818.818181,4312.333333,4525.090909,4243.30303,4375.181818,4881.575757,4216,0
3914.636363,3819.848484,4311.30303,4521.484848,4233.515151,4375.696969,4887.757575,4216.515151,0
3913.090909,3824.484848,4310.272727,4520.454545,4220.636363,4370.545454,4882.090909,4218.060606,0
3912.060606,3824.484848,4310.272727,4522.515151,4220.121212,4360.242424,4868.696969,4207.242424,0
3913.090909,3825,4312.848484,4523.030303,4238.666666,4357.666666,4868.696969,4199,0
3915.666666,3827.060606,4313.878787,4524.060606,4254.636363,4364.878787,4877.969696,4204.666666,0
3915.151515,3825,4311.30303,4527.151515,4251.545454,4365.90909,4878.484848,4208.272727,0
3912.575757,3824.484848,4312.848484,4528.696969,4240.727272,4355.60606,4865.60606,4191.787878,0
3915.666666,3833.757575,4319.545454,4528.181818,4236.60606,4353.030303,4862.515151,4183.030303,0
3915.666666,3843.545454,4325.212121,4527.151515,4236.60606,4366.939394,4882.090909,4204.666666,0
3913.60606,3840.969697,4321.090909,4524.575757,4224.242424,4370.030303,4888.787878,4216,0
3914.121212,3834.787878,4316.454545,4519.939393,4197.454545,4355.60606,4866.636363,4199,0
3913.60606,3836.333333,4316.969697,4518.90909,4182,4348.90909,4856.333333,4193.333333,0
3913.60606,3842,4319.545454,4520.969697,4198.484848,4355.090909,4866.636363,4207.242424,0
3913.60606,3843.030303,4321.090909,4519.939393,4234.030303,4363.333333,4874.878787,4211.363636,0
3915.666666,3837.878787,4319.030303,4520.969697,4251.545454,4369,4881.060606,4207.242424,0
3915.151515,3837.363636,4318.515151,4522,4247.939394,4370.545454,4885.696969,4209.30303,0
3912.060606,3842,4319.030303,4522.515151,4247.939394,4370.545454,4883.636363,4211.878787,0
3914.121212,3839.939394,4314.90909,4524.575757,4244.848484,4370.030303,4875.90909,4203.636363,0
3915.151515,3835.818181,4310.272727,4523.030303,4231.969697,4369,4875.90909,4199.515151,0
3914.121212,3838.393939,4308.212121,4520.454545,4220.121212,4365.393939,4885.181818,4204.666666,0
3912.060606,3837.363636,4305.121212,4518.90909,4203.121212,4358.696969,4888.272727,4206.727272,0
3911.545454,3835.30303,4306.666666,4513.242424,4178.90909,4354.575757,4881.060606,4210.333333,0
3914.636363,3838.393939,4310.787878,4515.30303,4175.818181,4354.575757,4874.363636,4207.242424,0
3915.151515,3840.969697,4310.787878,4525.090909,4205.181818,4358.181818,4872.818181,4196.939394,0
3913.090909,3839.939394,4309.242424,4525.090909,4236.090909,4361.787878,4869.727272,4194.363636,0
3913.090909,3839.424242,4309.242424,4522,4244.333333,4363.333333,4866.636363,4191.787878,0
3914.636363,3841.484848,4309.757575,4526.121212,4246.90909,4365.90909,4872.818181,4187.666666,0
3915.666666,3843.030303,4312.848484,4527.666666,4250,4369.515151,4883.636363,4195.90909,0
3914.636363,3846.121212,4316.454545,4522.515151,4238.666666,4367.454545,4882.60606,4206.727272,0
3914.636363,3849.212121,4313.363636,4519.939393,4220.636363,4361.272727,4873.848484,4203.121212,0
3914.121212,3849.212121,4307.696969,4519.424242,4203.636363,4360.242424,4877.454545,4200.545454,0
3912.060606,3851.787878,4308.212121,4515.30303,4178.393939,4359.727272,4884.151515,4208.787878,0
3914.121212,3852.818181,4307.696969,4514.787878,4162.424242,4351.484848,4875.393939,4207.242424,0
3914.121212,3848.696969,4305.121212,4517.363636,4185.090909,4349.939394,4868.181818,4195.393939,0
3911.545454,3847.151515,4307.181818,4517.878787,4225.787878,4360.242424,4873.333333,4189.727272,0
3913.60606,3845.60606,4307.696969,4519.939393,4245.878787,4361.787878,4874.878787,4189.212121,0
3913.090909,3849.212121,4306.151515,4522.515151,4247.939394,4361.272727,4874.878787,4192.818181,0
3912.575757,3852.818181,4306.666666,4523.030303,4247.939394,4368.484848,4881.060606,4191.787878,0
3914.636363,3849.212121,4306.151515,4520.454545,4245.363636,4371.060606,4884.666666,4186.121212,0
3914.121212,3845.60606,4305.636363,4520.969697,4237.121212,4365.393939,4880.545454,4189.727272,0
3913.60606,3846.636363,4305.121212,4522.515151,4229.393939,4361.787878,4877.969696,4199.515151,0
3913.090909,3851.272727,4306.666666,4518.393939,4214.969697,4365.393939,4887.757575,4209.818181,0
3914.636363,3850.242424,4305.636363,4515.818181,4178.393939,4359.212121,4893.939393,4208.787878,0
3914.121212,3843.545454,4301.515151,4516.848484,4152.121212,4344.787878,4880.545454,4194.363636,0
3911.030303,3838.909091,4298.424242,4518.393939,4182.515151,4345.818181,4869.727272,4186.636363,0
3913.60606,3836.848484,4296.878787,4519.424242,4233.515151,4361.787878,4878.484848,4194.363636,0
3915.151515,3835.30303,4293.787878,4519.424242,4257.727272,4370.030303,4890.848484,4204.151515,0
3913.60606,3835.30303,4293.787878,4521.484848,4261.848484,4368.484848,4889.30303,4196.939394,0
3913.090909,3836.848484,4298.424242,4522,4260.818181,4367.969697,4883.121212,4186.121212,0
3912.575757,3836.333333,4298.939394,4519.424242,4252.060606,4368.484848,4882.60606,4187.666666,0
3914.636363,3836.333333,4293.787878,4518.393939,4236.090909,4361.787878,4881.575757,4190.757575,0
3915.151515,3840.969697,4293.787878,4514.787878,4218.575757,4357.151515,4884.666666,4193.848484,0
3912.060606,3848.181818,4301,4512.727272,4196.424242,4359.727272,4898.575757,4202.090909,0
3912.060606,3849.727272,4304.60606,4517.363636,4174.272727,4356.121212,4902.181818,4211.363636,0
3911.545454,3848.696969,4306.666666,4522.515151,4180.454545,4354.575757,4890.848484,4208.787878,0
3910.515151,3849.727272,4308.727272,4528.181818,4209.30303,4370.030303,4895.484848,4205.696969,0
3911.545454,3853.848484,4310.272727,4533.333333,4232.484848,4382.90909,4916.090909,4214.454545,0
3913.090909,3859,4312.848484,4529.727272,4250,4382.393939,4918.151515,4218.060606,0
3914.121212,3860.545454,4313.363636,4527.666666,4256.696969,4376.212121,4903.212121,4205.696969,0
3912.575757,3858.484848,4312.848484,4530.757575,4253.60606,4375.696969,4902.181818,4200.545454,0
3913.090909,3856.424242,4312.333333,4526.636363,4258.242424,4383.424242,4911.454545,4210.333333,0
3914.121212,3862.090909,4311.30303,4516.848484,4259.787878,4387.030303,4918.151515,4215.484848,0
3912.575757,3866.212121,4308.727272,4514.272727,4239.181818,4381.878787,4917.636363,4212.90909,0
3913.60606,3859.515151,4305.636363,4517.363636,4204.151515,4370.545454,4907.333333,4207.757575,0
3914.636363,3855.909091,4304.090909,4516.848484,4182,4360.757575,4902.696969,4206.212121,0
3914.121212,3857.454545,4303.575757,4518.90909,4185.090909,4355.60606,4899.60606,4207.242424,0
3914.636363,3856.939394,4302.545454,4523.030303,4203.121212,4356.636363,4896,4204.666666,0
3914.121212,3856.939394,4304.60606,4521.484848,4225.272727,4367.454545,4905.787878,4204.666666,0
3915.666666,3856.939394,4305.636363,4519.939393,4240.212121,4372.090909,4906.30303,4197.454545,0
3913.60606,3852.818181,4301.515151,4518.90909,4246.90909,4363.333333,4891.363636,4184.060606,0
3911.545454,3849.727272,4293.787878,4515.818181,4242.787878,4357.666666,4891.363636,4190.757575,0
3913.090909,3849.212121,4289.151515,4507.575757,4229.90909,4364.878787,4903.212121,4206.212121,0
3914.121212,3849.727272,4288.636363,4501.90909,4220.636363,4366.424242,4899.090909,4197.969697,0
3914.636363,3851.787878,4290.181818,4508.090909,4206.212121,4355.090909,4888.272727,4184.060606,0
3912.060606,3856.424242,4294.30303,4516.333333,4182.515151,4347.878787,4891.878787,4196.424242,0
3912.060606,3859,4300.484848,4518.90909,4165.515151,4345.30303,4896,4208.787878,0
3912.575757,3855.393939,4302.030303,4523.030303,4174.787878,4344.787878,4890.333333,4201.575757,0
3912.575757,3856.424242,4305.121212,4525.090909,4208.272727,4355.60606,4893.424242,4204.151515,0
3914.636363,3862.60606,4309.242424,4526.121212,4243.30303,4371.575757,4906.818181,4210.333333,0
3912.060606,3863.636363,4309.242424,4525.60606,4261.848484,4377.242424,4911.454545,4202.090909,0
3911.545454,3860.545454,4301.515151,4516.333333,4259.272727,4371.575757,4909.393939,4200.545454,0
3915.666666,3859.515151,4293.272727,4508.090909,4246.90909,4369,4910.424242,4212.393939,0
3915.666666,3863.636363,4295.333333,4512.212121,4241.242424,4372.090909,4908.878787,4216,0
3913.090909,3864.666666,4299.454545,4516.333333,4234.030303,4371.060606,4904.242424,4211.878787,0
3911.030303,3862.090909,4300.484848,4511.181818,4210.848484,4365.393939,4902.181818,4206.727272,0
3910,3861.060606,4301,4511.696969,4180.454545,4360.757575,4899.60606,4195.90909,0
3914.121212,3860.030303,4298.939394,4520.969697,4166.030303,4353.545454,4894.454545,4187.666666,0
3915.151515,3857.454545,4297.90909,4523.030303,4179.424242,4349.424242,4888.787878,4186.636363,0
3913.090909,3857.969697,4303.060606,4522,4212.90909,4357.151515,4891.878787,4182.515151,0
3912.060606,3866.212121,4306.666666,4526.121212,4246.393939,4371.060606,4907.848484,4185.090909,0
3911.545454,3873.939394,4305.121212,4526.121212,4265.969697,4382.393939,4920.212121,4196.939394,0
3913.60606,3869.30303,4303.575757,4522,4269.575757,4381.878787,4922.272727,4198.484848,0
3914.636363,3864.666666,4299.454545,4515.30303,4264.424242,4377.242424,4921.757575,4194.878787,0
3913.60606,3867.757575,4293.272727,4513.242424,4255.151515,4377.242424,4920.727272,4191.272727,0
3913.090909,3868.272727,4290.181818,4516.333333,4241.757575,4378.272727,4915.060606,4188.696969,0
3912.060606,3864.151515,4291.727272,4512.212121,4219.60606,4372.60606,4908.878787,4194.363636,0
3913.60606,3860.545454,4291.212121,4509.121212,4194.363636,4359.727272,4904.242424,4196.424242,0
3914.636363,3859,4290.181818,4515.30303,4183.030303,4353.030303,4901.151515,4193.333333,0
3912.060606,3858.484848,4294.30303,4520.969697,4194.878787,4356.121212,4901.666666,4190.757575,0
3910,3861.060606,4297.393939,4519.939393,4220.636363,4362.818181,4904.242424,4186.636363,0
3910.515151,3863.636363,4296.363636,4519.939393,4244.848484,4367.454545,4906.30303,4187.151515,0
3912.060606,3860.545454,4293.787878,4522.515151,4248.969697,4365.90909,4899.60606,4184.575757,0
3911.545454,3858.484848,4293.787878,4519.939393,4239.181818,4360.757575,4897.030303,4175.30303,0
3912.575757,3860.545454,4293.787878,4516.333333,4237.636363,4367.454545,4906.30303,4177.878787,0
3914.121212,3857.969697,4287.60606,4514.272727,4239.696969,4375.181818,4908.363636,4187.666666,0
3913.60606,3857.969697,4284,4513.757575,4233.515151,4371.575757,4900.636363,4188.181818,0
3915.151515,3863.636363,4287.090909,4514.787878,4224.242424,4369,4900.636363,4184.060606,0
3914.121212,3866.727272,4292.757575,4516.333333,4218.060606,4374.666666,4915.060606,4192.30303,0
3911.030303,3866.727272,4297.90909,4519.424242,4208.272727,4371.575757,4922.272727,4202.090909,0
3915.151515,3865.181818,4297.393939,4521.484848,4203.636363,4358.696969,4904.757575,4189.727272,0
3914.636363,3863.121212,4297.90909,4519.424242,4226.818181,4360.757575,4901.151515,4176.848484,0
3913.090909,3865.181818,4302.030303,4519.939393,4255.151515,4381.363636,4923.30303,4185.090909,0
3915.151515,3871.878787,4302.030303,4522,4261.333333,4393.727272,4931.545454,4198.484848,0
3914.121212,3875.484848,4297.90909,4518.90909,4261.333333,4393.212121,4927.424242,4205.696969,0
3913.60606,3873.424242,4296.878787,4516.333333,4261.848484,4391.666666,4935.151515,4210.848484,0
3913.090909,3872.909091,4299.969697,4516.848484,4245.878787,4389.090909,4939.272727,4210.848484,0
3913.090909,3873.939394,4300.484848,4520.454545,4221.666666,4378.272727,4928.454545,4201.060606,0
3912.060606,3872.393939,4300.484848,4523.030303,4210.333333,4370.545454,4920.212121,4188.696969,0
3913.090909,3871.363636,4305.636363,4520.969697,4216,4376.212121,4924.848484,4186.121212,0
3915.151515,3870.848484,4309.242424,4525.60606,4221.151515,4377.242424,4926.393939,4189.212121,0
3914.121212,3871.363636,4308.727272,4529.212121,4215.484848,4369.515151,4920.212121,4193.848484,0
3912.060606,3872.909091,4306.666666,4523.545454,4221.151515,4369,4923.30303,4196.939394,0
3911.545454,3873.424242,4307.696969,4518.90909,4245.878787,4379.30303,4936.181818,4190.757575,0
3912.060606,3873.424242,4308.212121,4518.393939,4264.939394,4389.60606,4936.181818,4184.060606,0
3914.636363,3876,4304.60606,4517.363636,4262.363636,4390.636363,4930,4187.151515,0
3913.090909,3879.090909,4303.575757,4510.151515,4255.666666,4388.060606,4936.696969,4191.787878,0
3911.030303,3877.545454,4304.60606,4507.575757,4243.818181,4383.939394,4934.636363,4186.636363,0
3913.090909,3872.393939,4303.575757,4514.272727,4217.545454,4374.151515,4918.666666,4183.030303,0
3913.090909,3876.515151,4304.090909,4519.939393,4201.575757,4370.545454,4923.818181,4192.818181,0
3913.090909,3885.272727,4307.181818,4520.969697,4207.242424,4375.181818,4935.151515,4192.818181,0
3912.575757,3883.727272,4308.212121,4521.484848,4220.121212,4378.272727,4928.454545,4184.575757,0
3912.060606,3882.696969,4308.212121,4521.484848,4233.515151,4383.424242,4928.454545,4192.30303,0
3914.121212,3884.242424,4308.212121,4518.90909,4250,4393.212121,4941.333333,4201.060606,0
3915.666666,3882.181818,4306.666666,4514.272727,4263.393939,4396.818181,4941.333333,4192.30303,0
3916.181818,3881.666666,4303.575757,4514.787878,4259.787878,4387.030303,4931.545454,4183.030303,0
3914.121212,3885.787878,4305.121212,4517.363636,4248.969697,4380.333333,4930.515151,4186.636363,0
3913.60606,3885.787878,4309.242424,4515.818181,4244.848484,4385.484848,4938.242424,4189.727272,0
3916.181818,3883.727272,4308.727272,4514.787878,4239.181818,4387.545454,4942.363636,4189.212121,0
3913.60606,3889.393939,4304.60606,4514.272727,4229.393939,4386.515151,4943.90909,4193.848484,0
3912.575757,3888.878787,4301,4514.272727,4220.636363,4380.333333,4937.212121,4192.30303,0
3915.666666,3880.121212,4298.424242,4516.333333,4212.393939,4367.969697,4925.363636,4187.151515,0
3915.666666,3881.151515,4302.030303,4517.363636,4212.90909,4367.454545,4927.424242,4191.272727,0
3913.090909,3883.212121,4304.60606,4520.454545,4223.212121,4374.666666,4936.696969,4194.878787,0
3910.515151,3880.121212,4304.60606,4525.090909,4231.969697,4374.151515,4940.30303,4189.212121,0
3912.575757,3878.575757,4305.121212,4526.636363,4236.60606,4370.545454,4938.757575,4181.484848,0
3914.636363,3879.60606,4305.121212,4522.515151,4241.757575,4375.696969,4934.636363,4179.939394,0
3912.060606,3878.060606,4303.575757,4520.969697,4245.878787,4383.424242,4938.757575,4188.181818,0
3912.575757,3874.969697,4303.575757,4524.575757,4241.242424,4383.939394,4948.545454,4198.484848,0
3915.151515,3877.030303,4305.636363,4523.030303,4234.030303,4380.848484,4949.060606,4201.060606,0
3914.121212,3878.060606,4307.181818,4517.363636,4229.90909,4376.212121,4941.848484,4194.878787,0
3912.060606,3874.454545,4306.151515,4519.424242,4227.333333,4374.666666,4942.878787,4187.666666,0
3911.545454,3873.424242,4307.181818,4522.515151,4228.878787,4377.757575,4945.454545,4188.181818,0
3915.151515,3874.454545,4306.151515,4521.484848,4231.454545,4379.30303,4941.848484,4190.757575,0
3916.181818,3876.515151,4306.666666,4523.030303,4239.181818,4379.818181,4942.363636,4192.818181,0
3912.575757,3874.454545,4309.757575,4527.666666,4253.090909,4380.848484,4944.939393,4189.727272,0
3912.060606,3871.878787,4307.181818,4529.727272,4257.212121,4375.696969,4937.727272,4176.848484,0
3913.090909,3872.393939,4303.060606,4528.696969,4252.060606,4375.181818,4930,4170.151515,0
3914.121212,3870.333333,4304.60606,4527.666666,4252.060606,4379.818181,4933.090909,4175.818181,0
3914.121212,3864.151515,4301.515151,4523.030303,4249.484848,4376.727272,4936.696969,4180.969697,0
3913.60606,3864.151515,4295.333333,4518.90909,4230.939394,4369.515151,4930,4175.818181,0
3914.121212,3864.666666,4293.787878,4517.363636,4211.878787,4367.969697,4925.878787,4175.30303,0
3912.575757,3862.60606,4292.242424,4515.30303,4214.969697,4371.060606,4932.060606,4181.484848,0
3913.60606,3865.696969,4288.636363,4518.393939,4231.969697,4373.121212,4937.212121,4178.393939,0
3915.666666,3870.848484,4291.727272,4523.545454,4243.30303,4376.212121,4939.787878,4179.939394,0
3912.060606,3870.848484,4300.484848,4525.60606,4245.878787,4381.363636,4947,4188.696969,0
3911.545454,3869.818181,4303.060606,4526.121212,4252.060606,4382.393939,4944.939393,4181.484848,0
3914.636363,3874.454545,4304.090909,4523.545454,4262.363636,4384.454545,4937.212121,4171.696969,0
3916.696969,3876.515151,4306.151515,4519.424242,4255.666666,4389.60606,4940.30303,4179.424242,0
3916.696969,3875.484848,4302.545454,4516.848484,4237.121212,4387.545454,4944.939393,4183.030303,0
3916.181818,3874.454545,4302.545454,4517.363636,4230.939394,4381.363636,4939.272727,4174.272727,0
3914.636363,3873.939394,4303.575757,4520.454545,4228.878787,4379.30303,4933.090909,4171.696969,0
3910.515151,3876.515151,4300.484848,4517.878787,4223.212121,4381.363636,4938.242424,4182.515151,0
3912.060606,3877.030303,4298.424242,4514.787878,4229.393939,4383.939394,4947.515151,4186.636363,0
3915.666666,3872.909091,4301,4519.424242,4242.272727,4383.939394,4947,4175.818181,0
3913.60606,3873.424242,4301.515151,4521.484848,4245.878787,4381.363636,4941.333333,4173.757575,0
3913.090909,3874.454545,4299.454545,4519.424242,4241.757575,4378.272727,4938.757575,4180.969697,0
3913.60606,3869.30303,4295.848484,4519.424242,4236.090909,4376.212121,4941.848484,4176.333333,0
3913.60606,3864.151515,4293.272727,4517.878787,4230.424242,4374.151515,4947,4172.212121,0
3913.090909,3865.181818,4294.818181,4516.333333,4229.393939,4376.212121,4943.393939,4174.787878,0
3911.545454,3868.272727,4297.90909,4517.363636,4230.424242,4381.363636,4937.212121,4176.333333,0
3912.060606,3868.787878,4293.787878,4519.939393,4224.242424,4377.757575,4938.757575,4177.878787,0
3915.666666,3872.393939,4292.242424,4518.90909,4222.181818,4375.696969,4945.454545,4184.575757,0
3915.151515,3877.545454,4296.363636,4521.484848,4236.090909,4383.424242,4950.60606,4189.727272,0
3913.090909,3875.484848,4297.90909,4528.696969,4246.90909,4386,4949.060606,4184.575757,0
3913.090909,3872.909091,4302.545454,4527.666666,4244.848484,4381.878787,4943.90909,4184.575757,0
3915.666666,3873.424242,4301,4522.515151,4241.242424,4379.818181,4941.333333,4186.121212,0
3912.575757,3873.424242,4283.484848,4521.484848,4241.242424,4376.727272,4943.90909,4179.939394,0
3909.484848,3873.424242,4271.636363,4519.424242,4238.151515,4377.242424,4950.090909,4183.030303,0
3914.121212,3873.424242,4271.636363,4513.757575,4228.363636,4377.242424,4947.515151,4190.242424,0
3914.636363,3872.393939,4278.333333,4510.666666,4222.181818,4373.636363,4942.363636,4190.242424,0
3912.060606,3871.878787,4289.666666,4514.787878,4220.121212,4372.60606,4943.393939,4188.696969,0
3911.545454,3872.909091,4293.272727,4520.454545,4221.151515,4375.696969,4946.484848,4192.818181,0
3912.060606,3873.939394,4287.090909,4519.939393,4225.787878,4376.727272,4947.515151,4193.333333,0
3914.121212,3872.393939,4286.575757,4517.878787,4229.393939,4372.090909,4944.424242,4187.151515,0
3912.575757,3873.424242,4281.939394,4518.393939,4230.424242,4369,4942.878787,4185.090909,0
3913.090909,3873.939394,4270.60606,4518.393939,4231.454545,4370.030303,4949.575757,4188.181818,0
3915.151515,3870.333333,4280.90909,4516.848484,4229.90909,4372.090909,4955.757575,4191.272727,0
3912.575757,3874.454545,4298.939394,4518.393939,4232.484848,4375.181818,4947.515151,4186.636363,0
3913.090909,3877.030303,4294.818181,4516.848484,4226.30303,4372.090909,4932.060606,4185.090909,0
3916.181818,3869.30303,4281.424242,4507.060606,4203.121212,4361.787878,4926.90909,4196.939394,0
3915.151515,3864.666666,4274.727272,4504.484848,4193.333333,4358.696969,4931.030303,4200.545454,0
3913.60606,3870.333333,4276.787878,4510.666666,4206.212121,4366.424242,4938.757575,4191.272727,0
3914.121212,3876.515151,4285.030303,4514.272727,4222.181818,4370.545454,4939.272727,4188.696969,0
3915.666666,3877.545454,4287.090909,4517.878787,4231.454545,4370.545454,4935.151515,4198.484848,0
3914.121212,3880.121212,4285.030303,4522,4241.242424,4375.181818,4943.393939,4205.181818,0
3911.030303,3883.212121,4295.848484,4523.030303,4248.454545,4379.30303,4952.666666,4202.090909,0
3912.575757,3885.787878,4303.575757,4524.060606,4250,4381.878787,4951.636363,4199.515151,0
3914.636363,3888.363636,4292.242424,4523.545454,4250.515151,4386,4951.636363,4204.666666,0
3914.636363,3886.818181,4286.575757,4522,4247.424242,4387.030303,4955.242424,4207.242424,0
3912.060606,3887.333333,4301,4519.424242,4241.757575,4385.484848,4950.60606,4205.696969,0
3912.575757,3894.545454,4306.151515,4516.848484,4233.515151,4384.969697,4941.333333,4200.030303,0
3916.181818,3898.666666,4293.272727,4516.848484,4225.272727,4378.787878,4943.90909,4192.818181,0
3913.090909,3894.545454,4291.727272,4516.848484,4229.90909,4375.181818,4950.60606,4199,0
3913.090909,3888.363636,4296.878787,4518.393939,4240.727272,4375.696969,4941.848484,4201.060606,0
3916.181818,3887.333333,4295.333333,4524.060606,4244.333333,4374.151515,4928.969696,4184.060606,0
3914.121212,3889.393939,4295.333333,4526.636363,4245.363636,4377.757575,4936.181818,4182,0
3913.090909,3888.878787,4296.363636,4523.545454,4244.848484,4378.787878,4941.848484,4195.393939,0
3913.090909,3887.848484,4297.393939,4519.424242,4235.060606,4372.60606,4931.030303,4190.242424,0
3912.575757,3887.333333,4299.969697,4519.424242,4223.727272,4369,4927.424242,4174.787878,0
3911.545454,3887.333333,4302.545454,4522,4220.636363,4371.575757,4933.090909,4170.666666,0
3911.545454,3889.909091,4304.60606,4523.030303,4220.121212,4370.545454,4928.969696,4175.30303,0
3913.090909,3888.363636,4304.60606,4523.030303,4216.515151,4363.333333,4923.30303,4178.393939,0
3913.60606,3885.272727,4305.121212,4522.515151,4220.121212,4363.848484,4928.454545,4176.848484,0
3913.60606,3885.272727,4302.030303,4524.575757,4234.030303,4373.121212,4926.393939,4171.181818,0
3913.090909,3886.30303,4296.878787,4525.60606,4242.272727,4375.696969,4924.848484,4172.212121,0
3913.090909,3889.909091,4297.90909,4521.484848,4243.30303,4371.060606,4937.212121,4184.060606,0
3914.121212,3890.939394,4304.090909,4520.969697,4239.696969,4368.484848,4937.212121,4190.242424,0
3914.636363,3888.878787,4305.121212,4521.484848,4233,4369.515151,4925.878787,4187.666666,0
3914.121212,3887.848484,4302.030303,4518.393939,4226.30303,4368.484848,4926.90909,4180.969697,0
3914.636363,3886.818181,4296.878787,4517.363636,4217.030303,4365.393939,4935.151515,4179.424242,0
3913.60606,3886.30303,4295.848484,4516.333333,4212.393939,4365.90909,4940.818181,4192.818181,0
3915.151515,3885.787878,4296.878787,4516.333333,4217.030303,4364.878787,4933.60606,4198.484848,0
3914.121212,3882.696969,4294.818181,4517.878787,4226.30303,4364.363636,4923.30303,4186.121212,0
